DeltaT,Heading,XPos,YPos,VelTheta,VelX,VelY
[0.0, 360, 0, 0.0, 0.0, 0.0]
[0.0, 360, 0, 0.0, 0.0, 0.0]
[0.0, 360, 0, 0.0, 0.0, 0.0]
[0.0, 360, 0, 0.0, 0.0, 0.0]
[0.0, 360, 0, 0.0, 0.0, 0.0]
[0.0, 360, 0, 0.0, 0.0, 0.0]
[0.0, 360, 0, 0.0, 0.0, 0.0]
[0.0, 360, 0, 0.0, 0.0, 0.0]
[0.0, 360, 0, 0.0, 0.0, 0.0]
[0.0, 360, 0, 0.0, 0.0, 0.0]
[0.0, 360, 0, 0.0, 0.0, 0.0]
[0.0, 360, 0, 0.0, 0.0, 0.0]
[0.0, 360, 0, 0.0, 0.0, 0.0]
[0.0, 360, 0, 0.0, 0.0, 0.0]
[0.0, 360, 0, 0.0, 0.0, 0.0]
[0.0, 360, 0, 0.0, 0.0, 0.0]
[0.0, 360, 0, 0.0, 0.0, 0.0]
[0.0, 360, 0, 0.0, 0.0, 0.0]
[0.0, 360, 0, 0.0, 0.0, 0.0]
[0.0, 360, 0, 0.0, 0.0, 0.0]
[0.0, 360, 0, 0.0, 0.0, 0.0]
[0.0, 360, 0, 0.0, 0.0, 0.0]
[0.0, 360, 0, 0.0, 0.0, 0.0]
[0.0, 360, 0, 0.0, 0.0, 0.0]
[0.0, 360, 0, 0.0, 0.0, 0.0]
[0.0, 360, 0, 0.0, 0.0, 0.0]
[0.0, 360, 0, 0.0, 0.0, 0.0]
[0.0, 360, 0, 0.0, 0.0, 0.0]
[0.0, 360, 0, 0.0, 0.0, 0.0]
[0.0, 360, 0, 0.0, 0.0, 0.0]
[0.0, 360, 0, 0.0, 0.0, 0.0]
[0.0, 360, 0, 0.0, 0.0, 0.0]
[0.0, 360, 0, 0.0, 0.0, 0.0]
[0.0, 360, 0, 0.0, 0.0, 0.0]
[0.0, 360, 0, 0.0, 0.0, 0.0]
[0.0, 360, 0, 0.0, 0.0, 0.0]
[0.0, 360, 0, 0.0, 0.0, 0.0]
[0.0, 360, 0, 0.0, 0.0, 0.0]
[0.0, 360, 0, 0.0, 0.0, 0.0]
[0.0, 360, 0, 0.0, 0.0, 0.0]
[0.0, 360, 0, 0.0, 0.0, 0.0]
[0.0, 360, 0, 0.0, 0.0, 0.0]
[0.0, 360, 0, 0.0, 0.3, 0.0]
[0.0, 360, 0, 0.0, 0.6000000000000001, 0.0]
[0.0, 360, 0, 0.0, 0.9000000000000001, 0.0]
[0.0, 361, 0, 0.0, 1.2000000000000002, 0.0]
[0.0, 361, 0, 0.0, 1.2000000000000002, 0.0]
[0.0, 361, 0, 0.0, 1.2000000000000002, 0.0]
[0.0, 365, 0, 0.0, 2.0999999999999996, 0.0]
[0.0, 367, 0, 0.0, 2.3999999999999995, 0.0]
[0.0, 369, 0, 0.0, 2.6999999999999993, 0.0]
[0.0, 371, 0, 0.0, 2.999999999999999, 0.0]
[0.0, 374, 0, 0.0, 3.299999999999999, 0.0]
[0.0, 377, 0, 0.0, 3.5999999999999988, 0.0]
[0.0, 380, 0, 0.0, 3.8999999999999986, 0.0]
[0.0, 384, 0, 0.0, 4.199999999999998, 0.0]
[0.0, 388, 0, 0.0, 4.499999999999998, 0.0]
[0.0, 392, 0, 0.0, 4.799999999999998, 0.0]
[0.0, 397, 0, 0.0, 5.099999999999998, 0.0]
[0.0, 402, 0, 0.0, 5.399999999999998, 0.0]
[0.0, 407, 0, 0.0, 5.6999999999999975, 0.0]
[0.0, 412, 0, 0.0, 5.999999999999997, 0.0]
[0.0, 418, 0, 0.0, 6.299999999999997, 0.0]
[0.0, 424, 0, 0.0, 6.599999999999997, 0.0]
[0.0, 430, 0, 0.0, 6.899999999999997, 0.0]
[0.0, 437, 0, 0.0, 7.199999999999997, 0.0]
[0.0, 444, 0, 0.0, 7.4999999999999964, 0.0]
[0.0, 451, 0, 0.0, 7.799999999999996, 0.0]
[0.0, 459, 0, 0.0, 8.099999999999998, 0.0]
[0.0, 467, 0, 0.0, 8.399999999999999, 0.0]
[0.0, 475, 0, -0.12, 8.7, 0.3]
[0.0, 484, 0, 0.0, 9.0, 0.6000000000000001]
[0.0, 493, 0, -0.12, 9.3, 0.9000000000000001]
[0.0, 502, 1, 0.0, 9.600000000000001, 1.2000000000000002]
[0.0, 511, 2, -0.12, 9.900000000000002, 1.5000000000000002]
[0.0, 521, 3, 0.0, 10.200000000000003, 1.8]
[0.0, 531, 5, -0.12, 10.500000000000004, 2.0999999999999996]
[0.0, 541, 7, 0.0, 10.800000000000004, 2.3999999999999995]
[0.0, 552, 9, -0.12, 11.100000000000005, 2.6999999999999993]
[0.0, 563, 11, 0.0, 11.400000000000006, 2.999999999999999]
[0.0, 574, 14, -0.12, 11.700000000000006, 3.299999999999999]
[0.0, 586, 17, 0.0, 12.000000000000007, 3.5999999999999988]
[0.0, 598, 20, -0.12, 12.300000000000008, 3.8999999999999986]
[0.0, 610, 24, 0.0, 12.600000000000009, 4.199999999999998]
[0.0, 622, 28, -0.12, 12.90000000000001, 4.499999999999998]
[0.0, 635, 32, 0.0, 13.20000000000001, 4.799999999999998]
[0.0, 648, 37, -0.12, 13.50000000000001, 5.099999999999998]
[0.0, 661, 42, 0.0, 13.800000000000011, 5.399999999999998]
[0.0, 675, 47, -0.12, 14.100000000000012, 5.6999999999999975]
[0.0, 689, 52, 0.0, 14.400000000000013, 5.999999999999997]
[0.0, 703, 58, -0.12, 14.700000000000014, 6.299999999999997]
[0.0, 717, 64, 0.0, 14.8, 6.599999999999997]
[0.0, 731, 70, -0.12, 14.8, 6.899999999999997]
[0.0, 745, 77, 0.0, 14.8, 7.199999999999997]
[0.0, 759, 84, -0.12, 14.8, 7.4999999999999964]
[0.0, 773, 91, 0.0, 14.8, 7.799999999999996]
[0.0, 787, 99, -0.12, 14.8, 8.099999999999998]
[0.0, 801, 107, 0.0, 14.8, 8.399999999999999]
[0.0, 815, 115, -0.12, 14.8, 8.7]
[0.0, 829, 124, 0.0, 14.8, 9.0]
[0.0, 843, 133, -0.12, 14.8, 9.3]
[0.0, 857, 142, 0.0, 14.600000000000001, 9.600000000000001]
[0.0, 871, 151, -0.12, 14.400000000000002, 9.900000000000002]
[0.0, 885, 161, 0.0, 14.200000000000003, 10.200000000000003]
[0.0, 898, 171, -0.12, 13.500000000000004, 10.500000000000004]
[0.0, 910, 181, 0.0, 12.800000000000004, 10.800000000000004]
[0.0, 922, 192, -0.12, 12.100000000000005, 11.100000000000005]
[0.0, 933, 203, 0.0, 11.400000000000006, 11.400000000000006]
[0.0, 943, 214, -0.12, 10.700000000000006, 11.700000000000006]
[0.0, 953, 226, 0.0, 10.000000000000007, 12.000000000000007]
[0.0, 962, 238, -0.12, 9.300000000000008, 12.300000000000008]
[0.0, 970, 250, 0.0, 8.600000000000009, 12.600000000000009]
[0.0, 977, 262, -0.12, 7.900000000000008, 12.90000000000001]
[0.0, 984, 275, 0.0, 7.200000000000008, 13.20000000000001]
[0.0, 990, 288, -0.12, 6.500000000000008, 13.50000000000001]
[0.0, 990, 288, -0.12, 6.500000000000008, 13.50000000000001]
[0.0, 1000, 315, -0.12, 5.100000000000008, 14.100000000000012]
[0.0, 1004, 329, 0.0, 4.4000000000000075, 14.400000000000013]
[0.0, 1007, 343, -0.12, 3.7000000000000073, 14.700000000000014]
[0.0, 1010, 357, 0.0, 3.000000000000007, 14.8]
[0.0, 1012, 371, -0.12, 2.300000000000007, 14.8]
[0.0, 1013, 385, 0.0, 1.600000000000007, 14.8]
[0.0, 1013, 399, -0.12, 0.900000000000007, 14.8]
[0.0, 1013, 413, 0.0, 0.200000000000007, 14.8]
[0.0, 1013, 427, -0.12, -0.09999999999999298, 14.8]
[0.0, 1013, 441, 0.0, -0.399999999999993, 14.8]
[0.0, 1013, 455, -0.12, -0.6999999999999931, 14.600000000000001]
[0.0, 1013, 469, 0.0, -0.9999999999999931, 14.400000000000002]
[0.0, 1012, 483, -0.12, -1.2999999999999932, 14.200000000000003]
[0.0, 1011, 497, 0.0, -1.5999999999999932, 14.000000000000004]
[0.0, 1010, 510, -0.12, -1.8999999999999935, 13.800000000000004]
[0.0, 1008, 523, 0.0, -2.199999999999993, 13.600000000000005]
[0.0, 1006, 536, -0.12, -2.499999999999993, 13.400000000000006]
[0.0, 1004, 549, 0.0, -2.7999999999999927, 13.200000000000006]
[0.0, 1001, 562, -0.12, -3.0999999999999925, 13.000000000000007]
[0.0, 998, 574, 0.0, -3.3999999999999924, 12.800000000000008]
[0.0, 995, 586, -0.12, -3.699999999999992, 12.600000000000009]
[0.0, 992, 598, 0.06, -3.999999999999992, 12.40000000000001]
[0.0, 988, 610, 0.24, -4.299999999999992, 12.20000000000001]
[0.0, 984, 622, 0.42000000000000004, -4.599999999999992, 12.00000000000001]
[0.0, 980, 633, 0.6, -4.8999999999999915, 11.800000000000011]
[0.0, 975, 644, 0.7799999999999999, -5.199999999999991, 11.600000000000012]
[0.0, 970, 654, 0.9599999999999999, -5.499999999999991, 10.900000000000013]
[1.0, 965, 664, 1.1399999999999997, -5.799999999999991, 10.200000000000014]
[2.0, 959, 673, 1.3199999999999998, -6.099999999999991, 9.500000000000014]
[3.0, 953, 681, 1.5, -6.399999999999991, 8.800000000000015]
[4.0, 947, 689, 1.6800000000000002, -6.69999999999999, 8.100000000000016]
[5.0, 941, 696, 1.8600000000000003, -6.99999999999999, 7.4000000000000155]
[7.0, 934, 702, 2.04, -7.29999999999999, 6.700000000000015]
[9.0, 927, 708, 2.2199999999999998, -7.59999999999999, 6.000000000000015]
[11.0, 920, 713, 2.3999999999999995, -7.899999999999991, 5.300000000000015]
[13.0, 912, 717, 2.579999999999999, -8.199999999999992, 4.600000000000015]
[15.0, 904, 720, 2.759999999999999, -8.499999999999993, 3.9000000000000146]
[17.0, 896, 723, 2.9399999999999986, -8.799999999999994, 3.2000000000000144]
[20.0, 887, 725, 3.1199999999999983, -9.099999999999994, 2.500000000000014]
[23.0, 878, 726, 3.299999999999998, -9.399999999999995, 1.8000000000000143]
[26.0, 869, 727, 3.4799999999999978, -9.699999999999996, 1.1000000000000143]
[29.0, 860, 727, 3.6599999999999975, -9.999999999999996, 0.4000000000000143]
[32.0, 850, 727, 3.839999999999997, -10.299999999999997, 0.1000000000000143]
[36.0, 840, 727, 4.0, -10.599999999999998, -0.1999999999999857]
[40.0, 830, 727, 4.0, -10.899999999999999, -0.49999999999998573]
[44.0, 819, 727, 4.0, -11.2, -0.7999999999999858]
[48.0, 808, 726, 4.0, -11.5, -1.0999999999999859]
[52.0, 797, 725, 4.0, -11.8, -1.399999999999986]
[56.0, 785, 724, 4.0, -12.100000000000001, -1.699999999999986]
[60.0, 773, 723, 4.0, -12.400000000000002, -1.999999999999986]
[64.0, 761, 721, 4.0, -12.700000000000003, -2.2999999999999856]
[68.0, 748, 719, 4.0, -13.000000000000004, -2.5999999999999854]
[72.0, 735, 717, 4.0, -13.300000000000004, -2.8999999999999853]
[76.0, 722, 714, 4.0, -13.600000000000005, -3.199999999999985]
[80.0, 709, 711, 4.0, -13.900000000000006, -3.499999999999985]
[84.0, 695, 708, 4.0, -14.200000000000006, -3.7999999999999847]
[88.0, 681, 704, 4.0, -14.500000000000007, -4.0999999999999845]
[92.0, 667, 700, 4.0, -14.8, -4.399999999999984]
[96.0, 653, 696, 4.0, -14.8, -4.699999999999984]
[100.0, 639, 692, 4.0, -14.8, -4.999999999999984]
[104.0, 625, 687, 4.0, -14.8, -5.299999999999984]
[108.0, 611, 682, 4.0, -14.8, -5.599999999999984]
[112.0, 597, 677, 4.0, -14.8, -5.8999999999999835]
[116.0, 583, 671, 4.0, -14.8, -6.199999999999983]
[120.0, 569, 665, 4.0, -14.100000000000001, -6.499999999999983]
[124.0, 556, 659, 4.0, -13.400000000000002, -6.799999999999983]
[128.0, 544, 652, 4.0, -12.700000000000003, -7.099999999999983]
[132.0, 532, 645, 4.0, -12.000000000000004, -7.399999999999983]
[136.0, 521, 638, 4.0, -11.300000000000004, -7.699999999999982]
[140.0, 511, 631, 4.0, -10.600000000000005, -7.999999999999981]
[144.0, 502, 623, 4.0, -9.900000000000006, -8.299999999999983]
[148.0, 493, 615, 4.0, -9.200000000000006, -8.099999999999984]
[152.0, 485, 608, 4.0, -8.500000000000007, -7.8999999999999835]
[156.0, 478, 601, 4.0, -7.800000000000007, -7.699999999999983]
[160.0, 471, 594, 4.0, -7.100000000000007, -7.499999999999983]
[164.0, 465, 587, 4.0, -6.400000000000007, -7.299999999999983]
[168.0, 460, 580, 4.0, -5.700000000000006, -7.099999999999983]
[172.0, 455, 574, 4.0, -5.000000000000006, -6.899999999999983]
[176.0, 451, 568, 4.0, -4.300000000000006, -6.699999999999982]
[180.0, 448, 562, 4.0, -3.600000000000006, -6.499999999999982]
[184.0, 446, 556, 4.0, -2.9000000000000057, -6.299999999999982]
[188.0, 444, 550, 4.0, -2.2000000000000055, -6.099999999999982]
[192.0, 443, 545, 4.0, -1.5000000000000056, -5.899999999999982]
[196.0, 443, 540, 4.0, -0.8000000000000056, -5.6999999999999815]
[200.0, 443, 535, 4.0, -0.10000000000000558, -5.499999999999981]
[204.0, 443, 530, 4.0, 0.1999999999999944, -5.299999999999981]
[208.0, 443, 526, 4.0, 0.4999999999999944, -4.599999999999981]
[212.0, 443, 523, 4.0, 0.7999999999999945, -3.899999999999981]
[216.0, 444, 520, 4.0, 1.0999999999999945, -3.1999999999999806]
[220.0, 445, 518, 4.0, 1.3999999999999946, -2.4999999999999805]
[224.0, 446, 517, 4.0, 1.6999999999999946, -1.7999999999999805]
[228.0, 447, 516, 4.0, 1.999999999999995, -1.0999999999999805]
[232.0, 449, 516, 4.0, 2.2999999999999945, -0.39999999999998054]
[236.0, 451, 516, 4.0, 2.5999999999999943, -0.09999999999998055]
[239.0, 453, 516, 3.88, 2.899999999999994, 0.20000000000001944]
[242.0, 456, 516, 3.88, 3.199999999999994, 0.5000000000000195]
[245.0, 459, 516, 3.88, 3.499999999999994, 0.8000000000000196]
[248.0, 462, 517, 3.88, 3.7999999999999936, 1.1000000000000196]
[251.0, 466, 518, 3.88, 4.099999999999993, 1.4000000000000197]
[254.0, 470, 519, 3.88, 4.399999999999993, 1.7000000000000197]
[257.0, 474, 521, 3.88, 4.699999999999993, 2.0000000000000195]
[260.0, 478, 523, 3.88, 4.999999999999993, 2.3000000000000194]
[263.0, 483, 525, 3.88, 5.299999999999993, 2.600000000000019]
[266.0, 488, 527, 3.88, 5.5999999999999925, 2.900000000000019]
[269.0, 493, 530, 3.88, 5.899999999999992, 3.200000000000019]
[272.0, 499, 533, 3.88, 6.199999999999992, 3.5000000000000187]
[275.0, 505, 536, 3.88, 6.499999999999992, 3.3000000000000185]
[278.0, 511, 539, 3.88, 6.799999999999992, 3.1000000000000183]
[281.0, 518, 541, 3.88, 7.099999999999992, 2.900000000000018]
[284.0, 525, 543, 3.88, 7.3999999999999915, 2.700000000000018]
[287.0, 532, 545, 3.88, 7.699999999999991, 2.5000000000000178]
[290.0, 539, 547, 3.88, 7.999999999999992, 2.3000000000000176]
[293.0, 547, 549, 3.88, 8.299999999999994, 2.1000000000000174]
[296.0, 555, 550, 3.88, 8.599999999999994, 1.9000000000000175]
[299.0, 563, 551, 3.88, 8.899999999999995, 1.7000000000000175]
[302.0, 572, 552, 3.88, 9.199999999999996, 1.5000000000000175]
[305.0, 581, 553, 3.88, 9.499999999999996, 1.3000000000000176]
[308.0, 590, 554, 3.88, 9.799999999999997, 1.1000000000000176]
[311.0, 600, 554, 3.88, 10.099999999999998, 0.9000000000000177]
[314.0, 610, 554, 3.88, 10.399999999999999, 0.7000000000000177]
[317.0, 620, 554, 3.88, 10.7, 0.5000000000000178]
[320.0, 631, 554, 3.88, 11.0, 0.30000000000001775]
[323.0, 642, 554, 3.88, 11.3, 0.10000000000001774]
[327.0, 653, 554, 4.0, 11.600000000000001, -0.19999999999998225]
[331.0, 664, 554, 4.0, 11.900000000000002, -0.4999999999999822]
[335.0, 676, 554, 4.0, 12.200000000000003, -0.7999999999999823]
[339.0, 688, 553, 4.0, 12.500000000000004, -1.0999999999999823]
[343.0, 700, 552, 4.0, 12.800000000000004, -1.3999999999999824]
[347.0, 713, 551, 4.0, 13.100000000000005, -1.6999999999999824]
[351.0, 726, 550, 4.0, 13.400000000000006, -1.9999999999999825]
[355.0, 739, 548, 4.0, 13.700000000000006, -2.299999999999982]
[359.0, 753, 546, 4.0, 14.000000000000007, -2.599999999999982]
[363.0, 767, 544, 4.0, 14.300000000000008, -2.8999999999999817]
[367.0, 781, 541, 4.0, 14.600000000000009, -3.1999999999999815]
[371.0, 795, 538, 4.0, 14.8, -3.4999999999999813]
[375.0, 809, 535, 4.0, 14.8, -3.799999999999981]
[379.0, 823, 531, 4.0, 14.8, -4.099999999999981]
[383.0, 837, 527, 4.0, 14.8, -4.399999999999981]
[387.0, 851, 523, 4.0, 14.8, -4.699999999999981]
[391.0, 865, 519, 4.0, 14.8, -4.9999999999999805]
[395.0, 879, 514, 4.0, 14.8, -5.29999999999998]
[399.0, 893, 509, 4.0, 14.8, -5.59999999999998]
[403.0, 907, 504, 4.0, 14.8, -5.89999999999998]
[407.0, 921, 498, 4.0, 14.8, -6.19999999999998]
[411.0, 935, 492, 4.0, 14.8, -6.49999999999998]
[415.0, 949, 486, 4.0, 14.8, -6.799999999999979]
[419.0, 963, 479, 4.0, 14.8, -7.099999999999979]
[423.0, 977, 472, 4.0, 14.8, -7.399999999999979]
[427.0, 991, 465, 4.0, 14.8, -7.699999999999979]
[431.0, 1005, 458, 4.0, 14.8, -7.999999999999978]
[435.0, 1019, 450, 4.0, 14.600000000000001, -8.29999999999998]
[439.0, 1032, 442, 4.0, 13.900000000000002, -8.59999999999998]
[443.0, 1045, 434, 4.0, 13.200000000000003, -8.89999999999998]
[447.0, 1057, 425, 4.0, 12.500000000000004, -9.199999999999982]
[451.0, 1068, 416, 4.0, 11.800000000000004, -9.499999999999982]
[455.0, 1079, 407, 4.0, 11.100000000000005, -9.799999999999983]
[459.0, 1089, 397, 4.0, 10.400000000000006, -10.099999999999984]
[463.0, 1098, 387, 4.0, 9.700000000000006, -10.399999999999984]
[467.0, 1107, 377, 4.0, 9.000000000000007, -10.699999999999985]
[471.0, 1115, 367, 4.0, 8.300000000000008, -10.999999999999986]
[475.0, 1122, 356, 4.0, 7.600000000000008, -11.299999999999986]
[479.0, 1128, 345, 4.0, 6.9000000000000075, -11.599999999999987]
[483.0, 1134, 334, 4.0, 6.200000000000007, -11.899999999999988]
[487.0, 1139, 323, 4.0, 5.500000000000007, -11.699999999999989]
[491.0, 1143, 312, 4.0, 4.800000000000007, -11.49999999999999]
[495.0, 1147, 301, 4.0, 4.100000000000007, -11.29999999999999]
[499.0, 1150, 290, 4.0, 3.4000000000000066, -11.09999999999999]
[503.0, 1152, 280, 4.0, 2.7000000000000064, -10.899999999999991]
[507.0, 1154, 270, 4.0, 2.000000000000006, -10.699999999999992]
[511.0, 1155, 260, 4.0, 1.3000000000000063, -10.499999999999993]
[515.0, 1155, 250, 4.0, 0.6000000000000063, -10.299999999999994]
[519.0, 1155, 240, 4.0, -0.0999999999999937, -10.099999999999994]
[523.0, 1155, 231, 4.0, -0.39999999999999364, -9.899999999999995]
[527.0, 1155, 222, 4.0, -0.6999999999999937, -9.199999999999996]
[531.0, 1155, 214, 4.0, -0.9999999999999938, -8.499999999999996]
[535.0, 1154, 207, 4.0, -1.2999999999999938, -7.799999999999996]
[539.0, 1153, 200, 4.0, -1.5999999999999939, -7.099999999999996]
[543.0, 1152, 194, 4.0, -1.899999999999994, -6.399999999999996]
[547.0, 1150, 189, 4.0, -2.199999999999994, -5.699999999999996]
[551.0, 1148, 185, 4.0, -2.499999999999994, -4.999999999999996]
[555.0, 1146, 181, 4.0, -2.7999999999999936, -4.299999999999995]
[559.0, 1143, 178, 4.0, -3.0999999999999934, -3.599999999999995]
[563.0, 1140, 176, 4.0, -3.3999999999999932, -2.899999999999995]
[567.0, 1137, 174, 4.0, -3.699999999999993, -2.199999999999995]
[571.0, 1134, 173, 4.0, -3.999999999999993, -1.499999999999995]
[575.0, 1130, 173, 4.0, -4.299999999999993, -0.7999999999999949]
[579.0, 1126, 173, 4.0, -4.5999999999999925, -0.09999999999999493]
[582.0, 1122, 173, 3.88, -4.899999999999992, 0.20000000000000506]
[585.0, 1117, 173, 3.88, -5.199999999999992, 0.5000000000000051]
[588.0, 1112, 173, 3.88, -5.499999999999992, 0.8000000000000052]
[591.0, 1107, 174, 3.88, -5.799999999999992, 1.1000000000000052]
[594.0, 1101, 175, 3.88, -6.099999999999992, 1.4000000000000052]
[597.0, 1095, 176, 3.88, -6.3999999999999915, 1.7000000000000053]
[600.0, 1089, 178, 3.88, -6.699999999999991, 2.0000000000000053]
[603.0, 1083, 180, 3.88, -6.999999999999991, 2.300000000000005]
[606.0, 1076, 182, 3.88, -7.299999999999991, 2.600000000000005]
[609.0, 1069, 184, 3.88, -7.599999999999991, 2.900000000000005]
[612.0, 1062, 187, 3.88, -7.899999999999991, 3.2000000000000046]
[615.0, 1054, 190, 3.88, -8.199999999999992, 3.5000000000000044]
[618.0, 1046, 193, 3.88, -8.499999999999993, 3.8000000000000043]
[621.0, 1038, 197, 3.88, -8.799999999999994, 4.100000000000004]
[624.0, 1029, 201, 3.88, -9.099999999999994, 4.400000000000004]
[627.0, 1020, 205, 3.88, -9.399999999999995, 4.200000000000004]
[630.0, 1011, 209, 3.88, -9.699999999999996, 4.0000000000000036]
[633.0, 1002, 212, 3.88, -9.999999999999996, 3.8000000000000034]
[636.0, 992, 215, 3.88, -10.299999999999997, 3.600000000000003]
[639.0, 982, 218, 3.88, -10.599999999999998, 3.400000000000003]
[642.0, 972, 221, 3.88, -10.899999999999999, 3.200000000000003]
[645.0, 961, 224, 3.88, -11.2, 3.0000000000000027]
[648.0, 950, 226, 3.88, -11.5, 2.8000000000000025]
[651.0, 939, 228, 3.88, -11.8, 2.6000000000000023]
[654.0, 927, 230, 3.88, -12.100000000000001, 2.400000000000002]
[657.0, 915, 232, 3.88, -12.400000000000002, 2.200000000000002]
[660.0, 903, 234, 3.88, -12.700000000000003, 2.0000000000000018]
[663.0, 890, 235, 3.88, -13.000000000000004, 1.8000000000000018]
[666.0, 877, 236, 3.88, -13.300000000000004, 1.6000000000000019]
[669.0, 864, 237, 3.88, -13.600000000000005, 1.400000000000002]
[672.0, 851, 238, 3.88, -13.900000000000006, 1.200000000000002]
[675.0, 837, 239, 3.88, -14.200000000000006, 1.000000000000002]
[678.0, 823, 239, 3.88, -14.500000000000007, 0.800000000000002]
[681.0, 809, 239, 3.88, -14.8, 0.6000000000000021]
[684.0, 795, 239, 3.88, -14.8, 0.4000000000000021]
[687.0, 781, 239, 3.88, -14.8, 0.20000000000000207]
[690.0, 767, 239, 3.88, -14.8, 0.500000000000002]
[693.0, 753, 239, 3.88, -14.8, 0.800000000000002]
[696.0, 739, 240, 3.88, -14.8, 1.100000000000002]
[699.0, 725, 241, 3.88, -14.8, 1.4000000000000021]
[702.0, 711, 242, 3.88, -14.8, 1.7000000000000022]
[705.0, 697, 244, 3.88, -14.8, 2.0000000000000018]
[708.0, 683, 246, 3.88, -14.8, 2.3000000000000016]
[711.0, 669, 248, 3.88, -14.8, 2.6000000000000014]
[714.0, 655, 250, 3.88, -14.600000000000001, 2.9000000000000012]
[717.0, 642, 253, 3.88, -13.900000000000002, 3.200000000000001]
[720.0, 629, 256, 3.88, -13.200000000000003, 3.500000000000001]
[723.0, 617, 259, 3.88, -12.500000000000004, 3.8000000000000007]
[726.0, 606, 263, 3.88, -11.800000000000004, 4.1000000000000005]
[729.0, 595, 267, 3.88, -11.100000000000005, 4.4]
[732.0, 585, 271, 3.88, -10.400000000000006, 4.7]
[735.0, 576, 276, 3.88, -9.700000000000006, 5.0]
[738.0, 567, 281, 3.88, -9.000000000000007, 5.3]
[741.0, 559, 286, 3.88, -8.300000000000008, 5.6]
[744.0, 552, 291, 3.88, -7.600000000000008, 5.8999999999999995]
[747.0, 546, 297, 3.88, -6.9000000000000075, 6.199999999999999]
[750.0, 540, 303, 3.88, -6.200000000000007, 6.499999999999999]
[753.0, 535, 309, 3.88, -5.500000000000007, 6.799999999999999]
[756.0, 531, 316, 3.88, -4.800000000000007, 7.099999999999999]
[759.0, 527, 323, 3.88, -4.100000000000007, 7.399999999999999]
[762.0, 524, 330, 3.88, -3.4000000000000066, 7.699999999999998]
[765.0, 522, 337, 3.88, -2.7000000000000064, 7.999999999999999]
[768.0, 520, 345, 3.88, -2.000000000000006, 8.3]
[771.0, 519, 353, 3.88, -1.3000000000000063, 8.600000000000001]
[774.0, 519, 361, 3.88, -0.6000000000000063, 8.900000000000002]
[777.0, 519, 370, 3.88, 0.0999999999999937, 9.200000000000003]
[780.0, 519, 379, 3.88, 0.39999999999999364, 9.500000000000004]
[783.0, 519, 388, 3.88, 0.6999999999999937, 9.800000000000004]
[786.0, 519, 398, 3.88, 0.9999999999999938, 10.100000000000005]
[789.0, 520, 408, 3.88, 1.2999999999999938, 10.400000000000006]
[792.0, 521, 418, 3.88, 1.5999999999999939, 10.700000000000006]
[795.0, 522, 429, 3.88, 1.899999999999994, 11.000000000000007]
[798.0, 524, 440, 3.88, 2.199999999999994, 11.300000000000008]
[801.0, 526, 451, 3.88, 2.499999999999994, 11.600000000000009]
[804.0, 528, 462, 3.88, 2.7999999999999936, 11.90000000000001]
[807.0, 531, 474, 3.88, 3.0999999999999934, 12.20000000000001]
[810.0, 534, 486, 3.88, 3.3999999999999932, 12.50000000000001]
[813.0, 537, 498, 3.88, 3.699999999999993, 12.800000000000011]
[816.0, 540, 511, 3.88, 3.999999999999993, 13.100000000000012]
[819.0, 544, 523, 3.88, 4.299999999999993, 12.900000000000013]
[822.0, 548, 535, 3.88, 4.5999999999999925, 12.700000000000014]
[825.0, 552, 547, 3.88, 4.899999999999992, 12.500000000000014]
[828.0, 557, 559, 3.88, 5.199999999999992, 12.300000000000015]
[831.0, 562, 571, 3.88, 5.499999999999992, 12.100000000000016]
[834.0, 567, 582, 3.88, 5.799999999999992, 11.900000000000016]
[837.0, 573, 593, 3.88, 6.099999999999992, 11.700000000000017]
[840.0, 579, 604, 3.88, 6.3999999999999915, 11.500000000000018]
[843.0, 585, 615, 3.88, 6.699999999999991, 11.300000000000018]
[846.0, 591, 626, 3.88, 6.999999999999991, 11.10000000000002]
[849.0, 598, 636, 3.88, 7.299999999999991, 10.90000000000002]
[852.0, 605, 646, 3.88, 7.599999999999991, 10.70000000000002]
[855.0, 612, 656, 3.88, 7.899999999999991, 10.500000000000021]
[858.0, 620, 665, 3.88, 8.199999999999992, 9.800000000000022]
[861.0, 628, 674, 3.88, 8.499999999999993, 9.100000000000023]
[864.0, 636, 682, 3.88, 8.799999999999994, 8.400000000000023]
[867.0, 645, 689, 3.88, 9.099999999999994, 7.700000000000023]
[870.0, 654, 696, 3.88, 9.399999999999995, 7.000000000000023]
[873.0, 663, 702, 3.88, 9.699999999999996, 6.300000000000023]
[876.0, 672, 707, 3.88, 9.999999999999996, 5.600000000000023]
[879.0, 682, 711, 3.88, 10.299999999999997, 4.900000000000023]
[882.0, 692, 715, 3.88, 10.599999999999998, 4.200000000000022]
[885.0, 702, 718, 3.88, 10.899999999999999, 3.500000000000022]
[888.0, 713, 720, 3.88, 11.2, 2.800000000000022]
[891.0, 724, 722, 3.88, 11.5, 2.100000000000022]
[894.0, 735, 723, 3.88, 11.8, 1.400000000000022]
[897.0, 747, 723, 3.88, 12.100000000000001, 0.7000000000000219]
[900.0, 759, 723, 3.88, 12.400000000000002, 0.0]
[904.0, 771, 723, 4.0, 12.700000000000003, -0.29999999999997806]
[908.0, 784, 723, 4.0, 13.000000000000004, -0.5999999999999781]
[912.0, 797, 723, 4.0, 13.300000000000004, -0.8999999999999782]
[916.0, 810, 722, 4.0, 13.600000000000005, -1.1999999999999782]
[920.0, 823, 721, 4.0, 13.900000000000006, -1.4999999999999782]
[924.0, 837, 720, 4.0, 14.200000000000006, -1.7999999999999783]
[928.0, 851, 718, 4.0, 14.500000000000007, -2.0999999999999783]
[932.0, 865, 716, 4.0, 14.8, -2.399999999999978]
[936.0, 879, 714, 4.0, 14.8, -2.699999999999978]
[940.0, 893, 712, 4.0, 14.8, -2.999999999999978]
[944.0, 907, 709, 4.0, 14.8, -3.2999999999999776]
[948.0, 921, 706, 4.0, 14.8, -3.5999999999999774]
[952.0, 935, 703, 4.0, 14.8, -3.8999999999999773]
[956.0, 949, 699, 4.0, 14.8, -4.199999999999977]
[960.0, 963, 695, 4.0, 14.8, -4.499999999999977]
[964.0, 977, 691, 4.0, 14.8, -4.799999999999977]
[968.0, 991, 686, 4.0, 14.600000000000001, -5.0999999999999766]
[972.0, 1005, 681, 4.0, 14.400000000000002, -5.399999999999976]
[976.0, 1019, 676, 4.0, 14.200000000000003, -5.699999999999976]
[980.0, 1033, 671, 4.0, 14.000000000000004, -5.999999999999976]
[984.0, 1046, 665, 4.0, 13.800000000000004, -6.299999999999976]
[988.0, 1059, 659, 4.0, 13.600000000000005, -6.599999999999976]
[992.0, 1072, 653, 4.0, 13.400000000000006, -6.8999999999999755]
[996.0, 1085, 646, 4.0, 13.200000000000006, -7.199999999999975]
[1000.0, 1098, 639, 4.0, 13.000000000000007, -7.499999999999975]
[1004.0, 1110, 632, 4.0, 12.800000000000008, -7.799999999999975]
[1008.0, 1122, 624, 4.0, 12.600000000000009, -8.099999999999977]
[1012.0, 1133, 616, 4.0, 11.90000000000001, -8.399999999999977]
[1016.0, 1144, 608, 4.0, 11.20000000000001, -8.699999999999978]
[1020.0, 1154, 600, 4.0, 10.50000000000001, -8.999999999999979]
[1024.0, 1163, 591, 4.0, 9.800000000000011, -9.29999999999998]
[1028.0, 1172, 582, 4.0, 9.100000000000012, -9.59999999999998]
[1032.0, 1180, 573, 4.0, 8.400000000000013, -9.89999999999998]
[1036.0, 1187, 563, 4.0, 7.700000000000013, -10.199999999999982]
[1040.0, 1194, 553, 4.0, 7.000000000000012, -10.499999999999982]
[1044.0, 1200, 543, 4.0, 6.300000000000012, -10.799999999999983]
[1048.0, 1205, 532, 4.0, 5.600000000000012, -11.099999999999984]
[1052.0, 1209, 521, 4.0, 4.900000000000012, -11.399999999999984]
[1056.0, 1213, 510, 4.0, 4.200000000000012, -11.699999999999985]
[1060.0, 1216, 499, 4.0, 3.5000000000000115, -11.999999999999986]
[1064.0, 1218, 487, 4.0, 2.8000000000000114, -12.299999999999986]
[1068.0, 1220, 475, 4.0, 2.100000000000011, -12.599999999999987]
[1072.0, 1221, 463, 4.0, 1.4000000000000112, -12.899999999999988]
[1076.0, 1221, 450, 4.0, 0.7000000000000113, -13.199999999999989]
[1080.0, 1221, 437, 4.0, 0.0, -13.49999999999999]
[1084.0, 1221, 424, 4.0, -0.2999999999999887, -13.29999999999999]
[1088.0, 1221, 411, 4.0, -0.5999999999999888, -13.09999999999999]
[1092.0, 1221, 399, 4.0, -0.8999999999999888, -12.899999999999991]
[1096.0, 1220, 387, 4.0, -1.1999999999999889, -12.199999999999992]
[1100.0, 1219, 376, 4.0, -1.499999999999989, -11.499999999999993]
[1104.0, 1218, 366, 4.0, -1.799999999999989, -10.799999999999994]
[1108.0, 1216, 356, 4.0, -2.099999999999989, -10.099999999999994]
[1112.0, 1214, 347, 4.0, -2.399999999999989, -9.399999999999995]
[1116.0, 1212, 339, 4.0, -2.6999999999999886, -8.699999999999996]
[1120.0, 1210, 332, 4.0, -2.9999999999999885, -7.999999999999996]
[1124.0, 1207, 325, 4.0, -3.2999999999999883, -7.299999999999995]
[1128.0, 1204, 319, 4.0, -3.599999999999988, -6.599999999999995]
[1132.0, 1201, 314, 4.0, -3.899999999999988, -5.899999999999995]
[1136.0, 1197, 309, 4.0, -4.199999999999988, -5.199999999999995]
[1140.0, 1193, 305, 4.0, -4.499999999999988, -4.499999999999995]
[1144.0, 1189, 302, 4.0, -4.799999999999987, -3.7999999999999945]
[1148.0, 1184, 299, 4.0, -5.099999999999987, -3.0999999999999943]
[1152.0, 1179, 297, 4.0, -5.399999999999987, -2.399999999999994]
[1156.0, 1174, 296, 4.0, -5.699999999999987, -1.6999999999999942]
[1160.0, 1169, 296, 4.0, -5.999999999999987, -0.9999999999999942]
[1164.0, 1163, 296, 4.0, -6.2999999999999865, -0.2999999999999942]
[1167.0, 1157, 296, 3.88, -6.599999999999986, 0.0]
[1170.0, 1151, 296, 3.88, -6.899999999999986, 0.30000000000000576]
[1173.0, 1144, 296, 3.88, -7.199999999999986, 0.6000000000000059]
[1176.0, 1137, 296, 3.88, -7.499999999999986, 0.9000000000000059]
[1179.0, 1130, 297, 3.88, -7.799999999999986, 1.200000000000006]
[1182.0, 1122, 298, 3.88, -8.099999999999987, 1.500000000000006]
[1185.0, 1114, 299, 3.88, -8.399999999999988, 1.8000000000000063]
[1188.0, 1107, 301, 3.88, -7.699999999999988, 2.100000000000006]
[1191.0, 1101, 303, 3.88, -6.999999999999988, 2.4000000000000057]
[1194.0, 1095, 305, 3.88, -6.299999999999987, 2.7000000000000055]
[1197.0, 1090, 308, 3.88, -5.599999999999987, 3.0000000000000053]
[1200.0, 1086, 311, 3.88, -4.899999999999987, 3.300000000000005]
[1203.0, 1082, 314, 3.88, -4.199999999999987, 3.600000000000005]
[1206.0, 1079, 317, 3.88, -3.4999999999999867, 3.900000000000005]
[1209.0, 1077, 321, 3.88, -2.7999999999999865, 4.200000000000005]
[1212.0, 1075, 325, 3.88, -2.0999999999999863, 4.500000000000004]
[1215.0, 1074, 329, 3.88, -1.3999999999999864, 4.800000000000004]
[1218.0, 1074, 334, 3.88, -0.6999999999999864, 5.100000000000004]
[1221.0, 1074, 339, 3.88, 0.0, 5.400000000000004]
[1224.0, 1074, 344, 3.88, 0.30000000000001353, 5.700000000000004]
[1227.0, 1074, 349, 3.88, 0.6000000000000136, 5.5000000000000036]
[1230.0, 1074, 354, 3.88, 0.9000000000000137, 5.300000000000003]
[1233.0, 1075, 359, 3.88, 1.2000000000000137, 5.100000000000003]
[1236.0, 1076, 363, 3.88, 1.5000000000000138, 4.900000000000003]
[1239.0, 1077, 367, 3.88, 1.8000000000000138, 4.700000000000003]
[1242.0, 1079, 371, 3.88, 2.100000000000014, 4.500000000000003]
[1245.0, 1081, 375, 3.88, 2.4000000000000137, 4.3000000000000025]
[1248.0, 1083, 379, 3.88, 2.7000000000000135, 4.100000000000002]
[1251.0, 1086, 382, 3.88, 3.0000000000000133, 3.900000000000002]
[1254.0, 1089, 385, 3.88, 3.300000000000013, 3.700000000000002]
[1257.0, 1092, 388, 3.88, 3.600000000000013, 3.5000000000000018]
[1260.0, 1095, 391, 3.88, 3.900000000000013, 3.3000000000000016]
[1263.0, 1099, 394, 3.88, 4.200000000000013, 3.1000000000000014]
[1266.0, 1103, 396, 3.88, 4.500000000000012, 2.9000000000000012]
[1269.0, 1107, 398, 3.88, 4.800000000000012, 2.700000000000001]
[1272.0, 1112, 400, 3.88, 5.100000000000012, 2.500000000000001]
[1275.0, 1117, 402, 3.88, 5.400000000000012, 2.3000000000000007]
[1278.0, 1122, 404, 3.88, 5.700000000000012, 2.1000000000000005]
[1281.0, 1128, 405, 3.88, 6.0000000000000115, 1.9000000000000006]
[1284.0, 1134, 406, 3.88, 6.300000000000011, 1.7000000000000006]
[1287.0, 1140, 408, 3.88, 6.600000000000011, 2.0000000000000004]
[1290.0, 1146, 410, 3.88, 6.900000000000011, 2.3000000000000003]
[1293.0, 1153, 412, 3.88, 7.200000000000011, 2.6]
[1296.0, 1160, 414, 3.88, 7.500000000000011, 2.9]
[1299.0, 1167, 417, 3.88, 7.8000000000000105, 3.1999999999999997]
[1302.0, 1175, 420, 3.88, 8.100000000000012, 3.4999999999999996]
[1305.0, 1183, 423, 3.88, 8.400000000000013, 3.7999999999999994]
[1308.0, 1191, 427, 3.88, 8.700000000000014, 4.099999999999999]
[1311.0, 1200, 431, 3.88, 9.000000000000014, 4.399999999999999]
[1314.0, 1209, 435, 3.88, 9.300000000000015, 4.699999999999998]
[1317.0, 1218, 439, 3.88, 9.600000000000016, 4.999999999999998]
[1317.0, 1218, 439, 3.88, 9.600000000000016, 4.999999999999998]
[1317.0, 1218, 439, 3.88, 9.600000000000016, 4.999999999999998]
[1326.0, 1247, 454, 3.88, 10.500000000000018, 5.899999999999998]
[1329.0, 1257, 460, 3.88, 10.800000000000018, 6.1999999999999975]
[1332.0, 1268, 466, 3.88, 11.10000000000002, 6.499999999999997]
[1335.0, 1279, 472, 3.88, 11.40000000000002, 6.799999999999997]
[1338.0, 1290, 479, 3.88, 11.70000000000002, 7.099999999999997]
[1341.0, 1302, 486, 3.88, 12.000000000000021, 7.399999999999997]
[1344.0, 1314, 493, 3.88, 12.300000000000022, 7.699999999999997]
[1347.0, 1326, 500, 3.88, 12.600000000000023, 7.999999999999996]
[1350.0, 1338, 508, 3.88, 12.900000000000023, 8.299999999999997]
[1353.0, 1351, 516, 3.88, 13.200000000000024, 8.599999999999998]
[1356.0, 1364, 524, 3.88, 13.500000000000025, 8.899999999999999]
[1359.0, 1377, 533, 3.88, 13.800000000000026, 9.2]
[1362.0, 1391, 542, 3.88, 14.100000000000026, 9.5]
[1365.0, 1405, 551, 3.88, 14.400000000000027, 9.8]
[1368.0, 1419, 561, 3.88, 14.700000000000028, 10.100000000000001]
[1371.0, 1433, 571, 3.88, 14.500000000000028, 10.400000000000002]
[1374.0, 1446, 581, 3.88, 13.80000000000003, 10.700000000000003]
[1377.0, 1459, 592, 3.88, 13.10000000000003, 11.000000000000004]
[1380.0, 1471, 603, 3.88, 12.40000000000003, 11.300000000000004]
[1383.0, 1482, 614, 3.88, 11.700000000000031, 11.600000000000005]
[1386.0, 1493, 625, 3.88, 11.000000000000032, 11.900000000000006]
[1389.0, 1503, 637, 3.88, 10.300000000000033, 12.200000000000006]
[1392.0, 1512, 649, 3.88, 9.600000000000033, 12.500000000000007]
[1395.0, 1520, 661, 3.88, 8.900000000000034, 12.800000000000008]
[1398.0, 1528, 674, 3.88, 8.200000000000035, 13.100000000000009]
[1401.0, 1535, 687, 3.88, 7.500000000000035, 13.40000000000001]
[1404.0, 1541, 700, 3.88, 6.8000000000000345, 13.70000000000001]
[1407.0, 1547, 714, 3.88, 6.100000000000034, 14.00000000000001]
[1410.0, 1552, 728, 3.88, 5.400000000000034, 14.300000000000011]
[1413.0, 1556, 742, 3.88, 4.700000000000034, 14.100000000000012]
[1416.0, 1560, 755, 3.88, 4.000000000000034, 13.900000000000013]
[1419.0, 1563, 768, 3.88, 3.3000000000000336, 13.700000000000014]
[1422.0, 1565, 781, 3.88, 2.6000000000000334, 13.500000000000014]
[1425.0, 1566, 794, 3.88, 1.9000000000000334, 13.300000000000015]
[1428.0, 1567, 807, 3.88, 1.2000000000000335, 13.100000000000016]
[1431.0, 1567, 819, 3.88, 0.5000000000000335, 12.900000000000016]
[1434.0, 1567, 831, 3.88, -0.19999999999996648, 12.700000000000017]
[1437.0, 1567, 843, 3.88, -0.4999999999999664, 12.500000000000018]
[1440.0, 1567, 855, 3.88, -0.7999999999999665, 12.300000000000018]
[1443.0, 1566, 867, 3.88, -1.0999999999999666, 12.10000000000002]
[1446.0, 1565, 878, 3.88, -1.3999999999999666, 11.90000000000002]
[1449.0, 1564, 889, 3.88, -1.6999999999999666, 11.70000000000002]
[1452.0, 1563, 900, 3.88, -1.9999999999999665, 11.500000000000021]
[1455.0, 1561, 911, 3.88, -2.299999999999966, 11.300000000000022]
[1458.0, 1559, 922, 3.88, -2.599999999999966, 11.100000000000023]
[1461.0, 1557, 932, 3.88, -2.8999999999999657, 10.900000000000023]
[1464.0, 1554, 942, 3.88, -3.1999999999999655, 10.700000000000024]
[1467.0, 1551, 952, 3.88, -3.4999999999999654, 10.500000000000025]
[1470.0, 1548, 962, 3.88, -3.799999999999965, 10.300000000000026]
[1473.0, 1544, 972, 3.88, -4.099999999999965, 10.100000000000026]
[1476.0, 1540, 981, 3.88, -4.399999999999965, 9.900000000000027]
[1479.0, 1536, 990, 3.88, -4.699999999999965, 9.700000000000028]
[1482.0, 1532, 999, 3.88, -4.9999999999999645, 9.500000000000028]
[1485.0, 1527, 1008, 3.88, -5.299999999999964, 9.30000000000003]
[1488.0, 1522, 1017, 3.88, -5.599999999999964, 9.10000000000003]
[1491.0, 1517, 1025, 3.88, -5.899999999999964, 8.90000000000003]
[1494.0, 1511, 1033, 3.88, -6.199999999999964, 8.700000000000031]
[1497.0, 1505, 1041, 3.88, -6.499999999999964, 8.500000000000032]
[1500.0, 1499, 1049, 3.88, -6.799999999999963, 8.300000000000033]
[1503.0, 1492, 1056, 3.88, -7.099999999999963, 7.6000000000000325]
[1506.0, 1485, 1062, 3.88, -7.399999999999963, 6.900000000000032]
[1509.0, 1478, 1068, 3.88, -7.699999999999963, 6.200000000000032]
[1512.0, 1471, 1073, 3.88, -7.999999999999964, 5.500000000000032]
[1515.0, 1463, 1077, 3.88, -8.299999999999965, 4.800000000000032]
[1518.0, 1455, 1080, 3.88, -8.599999999999966, 4.100000000000032]
[1521.0, 1447, 1080, 3.88, -8.899999999999967, 3.4000000000000314]
[1524.0, 1438, 1080, 3.88, -9.199999999999967, 2.7000000000000313]
[1527.0, 1429, 1080, 3.88, -9.499999999999968, 2.000000000000031]
[1530.0, 1420, 1080, 3.88, -9.799999999999969, 1.3000000000000311]
[1533.0, 1410, 1080, 3.88, -10.09999999999997, 0.6000000000000312]
[1537.0, 1400, 1080, 4.0, -10.39999999999997, -0.09999999999996884]
[1541.0, 1390, 1080, 4.0, -10.69999999999997, -0.39999999999996877]
[1545.0, 1380, 1080, 4.0, -10.999999999999972, -0.6999999999999689]
[1549.0, 1369, 1080, 4.0, -11.299999999999972, -0.9999999999999689]
[1553.0, 1358, 1079, 4.0, -11.599999999999973, -1.299999999999969]
[1557.0, 1347, 1078, 4.0, -11.899999999999974, -1.599999999999969]
[1561.0, 1335, 1077, 4.0, -12.199999999999974, -1.899999999999969]
[1565.0, 1323, 1075, 4.0, -12.499999999999975, -2.199999999999969]
[1569.0, 1311, 1073, 4.0, -12.799999999999976, -2.499999999999969]
[1573.0, 1298, 1071, 4.0, -13.099999999999977, -2.7999999999999687]
[1577.0, 1285, 1068, 4.0, -13.399999999999977, -3.0999999999999686]
[1581.0, 1272, 1065, 4.0, -13.699999999999978, -3.3999999999999684]
[1585.0, 1259, 1062, 4.0, -13.999999999999979, -3.699999999999968]
[1589.0, 1245, 1059, 4.0, -14.29999999999998, -3.999999999999968]
[1593.0, 1231, 1055, 4.0, -14.59999999999998, -4.299999999999968]
[1597.0, 1217, 1051, 4.0, -14.8, -4.599999999999968]
[1601.0, 1203, 1047, 4.0, -14.8, -4.8999999999999675]
[1605.0, 1189, 1042, 4.0, -14.8, -5.199999999999967]
[1609.0, 1175, 1037, 4.0, -14.8, -5.499999999999967]
[1613.0, 1161, 1032, 4.0, -14.8, -5.799999999999967]
[1617.0, 1147, 1026, 4.0, -14.8, -6.099999999999967]
[1621.0, 1133, 1020, 4.0, -14.8, -6.399999999999967]
[1625.0, 1119, 1014, 4.0, -14.8, -6.699999999999966]
[1629.0, 1105, 1008, 4.0, -14.8, -6.999999999999966]
[1633.0, 1091, 1001, 4.0, -14.8, -7.299999999999966]
[1637.0, 1077, 994, 4.0, -14.8, -7.599999999999966]
[1641.0, 1063, 987, 4.0, -14.8, -7.899999999999966]
[1645.0, 1049, 979, 4.0, -14.8, -8.199999999999967]
[1649.0, 1035, 971, 4.0, -14.8, -8.499999999999968]
[1653.0, 1021, 963, 4.0, -14.8, -8.799999999999969]
[1657.0, 1007, 954, 4.0, -14.8, -9.09999999999997]
[1661.0, 993, 945, 4.0, -14.8, -9.39999999999997]
[1665.0, 979, 936, 4.0, -14.8, -9.69999999999997]
[1669.0, 965, 927, 4.0, -14.8, -9.999999999999972]
[1673.0, 951, 917, 4.0, -14.8, -10.299999999999972]
[1677.0, 937, 907, 4.0, -14.8, -10.599999999999973]
[1681.0, 923, 897, 4.0, -14.8, -10.899999999999974]
[1685.0, 909, 886, 4.0, -14.8, -11.199999999999974]
[1689.0, 895, 875, 4.0, -14.8, -11.499999999999975]
[1693.0, 881, 864, 4.0, -14.8, -11.799999999999976]
[1697.0, 867, 852, 4.0, -14.8, -12.099999999999977]
[1701.0, 853, 840, 4.0, -14.8, -12.399999999999977]
[1705.0, 839, 828, 4.0, -14.8, -12.699999999999978]
[1709.0, 825, 816, 4.0, -14.8, -12.999999999999979]
[1713.0, 811, 803, 4.0, -14.8, -13.29999999999998]
[1717.0, 797, 790, 4.0, -14.8, -13.59999999999998]
[1721.0, 783, 777, 4.0, -14.8, -13.89999999999998]
[1725.0, 769, 763, 4.0, -14.8, -14.199999999999982]
[1729.0, 755, 749, 4.0, -14.8, -14.499999999999982]
[1733.0, 741, 735, 4.0, -14.8, -14.799999999999983]
[1737.0, 727, 721, 4.0, -14.8, -14.8]
[1741.0, 713, 707, 4.0, -14.8, -14.8]
[1745.0, 699, 693, 4.0, -14.8, -14.8]
[1749.0, 685, 679, 4.0, -14.8, -14.8]
[1753.0, 671, 665, 4.0, -14.8, -14.8]
[1757.0, 657, 651, 4.0, -14.8, -14.8]
[1761.0, 643, 637, 4.0, -14.8, -14.8]
[1765.0, 629, 623, 4.0, -14.8, -14.8]
[1769.0, 615, 609, 4.0, -14.8, -14.8]
[1773.0, 601, 595, 4.0, -14.100000000000001, -14.8]
[1777.0, 588, 581, 4.0, -13.400000000000002, -14.8]
[1781.0, 576, 567, 4.0, -12.700000000000003, -14.8]
[1785.0, 564, 553, 4.0, -12.000000000000004, -14.8]
[1789.0, 553, 539, 4.0, -11.300000000000004, -14.8]
[1793.0, 543, 525, 4.0, -10.600000000000005, -14.8]
[1797.0, 534, 511, 4.0, -9.900000000000006, -14.8]
[1801.0, 525, 497, 4.0, -9.200000000000006, -14.8]
[1805.0, 517, 483, 4.0, -8.500000000000007, -14.8]
[1809.0, 510, 469, 4.0, -7.800000000000007, -14.8]
[1813.0, 503, 455, 4.0, -7.100000000000007, -14.8]
[1817.0, 497, 441, 4.0, -6.400000000000007, -14.8]
[1821.0, 492, 427, 4.0, -5.700000000000006, -14.8]
[1825.0, 487, 413, 4.0, -5.000000000000006, -14.8]
[1829.0, 483, 399, 4.0, -4.300000000000006, -14.8]
[1833.0, 480, 385, 4.0, -3.600000000000006, -14.8]
[1837.0, 478, 371, 4.0, -2.9000000000000057, -14.8]
[1841.0, 476, 357, 4.0, -2.2000000000000055, -14.8]
[1845.0, 475, 343, 4.0, -1.5000000000000056, -14.8]
[1849.0, 475, 329, 4.0, -0.8000000000000056, -14.8]
[1853.0, 475, 315, 4.0, -0.10000000000000558, -14.8]
[1857.0, 475, 301, 4.0, 0.1999999999999944, -14.8]
[1861.0, 475, 287, 4.0, 0.4999999999999944, -14.8]
[1865.0, 475, 273, 4.0, 0.7999999999999945, -14.8]
[1869.0, 476, 259, 4.0, 1.0999999999999945, -14.8]
[1873.0, 477, 245, 4.0, 1.3999999999999946, -14.8]
[1877.0, 478, 231, 4.0, 1.6999999999999946, -14.3]
[1881.0, 479, 217, 4.0, 1.999999999999995, -14.100000000000001]
[1885.0, 481, 204, 4.0, 2.2999999999999945, -13.400000000000002]
[1889.0, 483, 192, 4.0, 2.5999999999999943, -12.700000000000003]
[1893.0, 485, 180, 4.0, 2.899999999999994, -12.000000000000004]
[1897.0, 488, 169, 4.0, 3.199999999999994, -11.300000000000004]
[1901.0, 491, 159, 4.0, 3.499999999999994, -10.600000000000005]
[1905.0, 494, 150, 4.0, 3.7999999999999936, -9.900000000000006]
[1909.0, 498, 141, 4.0, 4.099999999999993, -9.200000000000006]
[1913.0, 502, 133, 4.0, 4.399999999999993, -8.500000000000007]
[1917.0, 506, 126, 4.0, 4.699999999999993, -7.800000000000007]
[1921.0, 510, 119, 4.0, 4.999999999999993, -7.100000000000007]
[1925.0, 515, 113, 4.0, 5.299999999999993, -6.400000000000007]
[1929.0, 520, 108, 4.0, 5.5999999999999925, -5.700000000000006]
[1933.0, 525, 103, 4.0, 5.899999999999992, -5.000000000000006]
[1937.0, 531, 99, 4.0, 6.199999999999992, -4.300000000000006]
[1941.0, 537, 96, 4.0, 6.499999999999992, -3.600000000000006]
[1945.0, 543, 94, 4.0, 6.799999999999992, -2.9000000000000057]
[1949.0, 550, 92, 4.0, 7.099999999999992, -2.2000000000000055]
[1953.0, 557, 91, 4.0, 7.3999999999999915, -1.5000000000000056]
[1957.0, 564, 91, 4.0, 7.699999999999991, -0.8000000000000056]
[1961.0, 571, 91, 4.0, 7.999999999999992, -0.10000000000000558]
[1964.0, 579, 91, 3.88, 8.299999999999994, 0.1999999999999944]
[1967.0, 587, 91, 3.88, 8.599999999999994, 0.4999999999999944]
[1970.0, 595, 91, 3.88, 8.899999999999995, 0.7999999999999945]
[1973.0, 604, 92, 3.88, 9.199999999999996, 1.0999999999999945]
[1976.0, 613, 93, 3.88, 9.499999999999996, 1.3999999999999946]
[1979.0, 622, 94, 3.88, 9.799999999999997, 1.6999999999999946]
[1982.0, 632, 95, 3.88, 10.099999999999998, 1.999999999999995]
[1985.0, 642, 97, 3.88, 10.399999999999999, 2.2999999999999945]
[1988.0, 652, 99, 3.88, 10.7, 2.5999999999999943]
[1991.0, 663, 101, 3.88, 11.0, 2.899999999999994]
[1994.0, 674, 104, 3.88, 11.3, 3.199999999999994]
[1997.0, 685, 107, 3.88, 11.600000000000001, 3.499999999999994]
[2000.0, 696, 110, 3.88, 11.900000000000002, 3.7999999999999936]
[2003.0, 708, 114, 3.88, 12.200000000000003, 4.099999999999993]
[2006.0, 720, 118, 3.88, 12.500000000000004, 4.399999999999993]
[2009.0, 732, 122, 3.88, 12.800000000000004, 4.699999999999993]
[2012.0, 745, 126, 3.88, 13.100000000000005, 4.999999999999993]
[2015.0, 758, 131, 3.88, 13.400000000000006, 5.299999999999993]
[2018.0, 771, 136, 3.88, 13.700000000000006, 5.5999999999999925]
[2021.0, 785, 141, 3.88, 14.000000000000007, 5.899999999999992]
[2024.0, 799, 147, 3.88, 14.300000000000008, 6.199999999999992]
[2027.0, 813, 153, 3.88, 14.100000000000009, 6.499999999999992]
[2030.0, 826, 159, 3.88, 13.90000000000001, 6.799999999999992]
[2033.0, 839, 166, 3.88, 13.70000000000001, 7.099999999999992]
[2036.0, 852, 173, 3.88, 13.50000000000001, 7.3999999999999915]
[2039.0, 865, 180, 3.88, 13.300000000000011, 7.699999999999991]
[2042.0, 878, 187, 3.88, 13.100000000000012, 7.999999999999992]
[2045.0, 890, 195, 3.88, 12.400000000000013, 8.299999999999994]
[2048.0, 901, 203, 3.88, 11.700000000000014, 8.599999999999994]
[2051.0, 912, 211, 3.88, 11.000000000000014, 8.899999999999995]
[2054.0, 922, 220, 3.88, 10.300000000000015, 9.199999999999996]
[2057.0, 931, 229, 3.88, 9.600000000000016, 9.499999999999996]
[2060.0, 939, 238, 3.88, 8.900000000000016, 9.799999999999997]
[2063.0, 947, 248, 3.88, 8.200000000000017, 10.099999999999998]
[2066.0, 954, 258, 3.88, 7.500000000000017, 10.399999999999999]
[2069.0, 960, 268, 3.88, 6.800000000000017, 10.7]
[2072.0, 966, 279, 3.88, 6.1000000000000165, 11.0]
[2075.0, 971, 290, 3.88, 5.400000000000016, 11.3]
[2078.0, 975, 301, 3.88, 4.700000000000016, 11.600000000000001]
[2081.0, 979, 312, 3.88, 4.000000000000016, 11.900000000000002]
[2084.0, 982, 324, 3.88, 3.300000000000016, 12.200000000000003]
[2087.0, 984, 336, 3.88, 2.6000000000000156, 12.500000000000004]
[2090.0, 985, 348, 3.88, 1.9000000000000157, 12.300000000000004]
[2093.0, 986, 360, 3.88, 1.2000000000000157, 12.100000000000005]
[2096.0, 986, 371, 3.88, 0.5000000000000158, 11.900000000000006]
[2099.0, 986, 382, 3.88, -0.19999999999998425, 11.700000000000006]
[2102.0, 986, 393, 3.88, -0.4999999999999842, 11.500000000000007]
[2105.0, 986, 404, 3.88, -0.7999999999999843, 11.300000000000008]
[2108.0, 985, 415, 3.88, -1.0999999999999843, 11.100000000000009]
[2111.0, 984, 425, 3.88, -1.3999999999999844, 10.90000000000001]
[2114.0, 983, 435, 3.88, -1.6999999999999844, 10.70000000000001]
[2117.0, 982, 445, 3.88, -1.9999999999999842, 10.50000000000001]
[2120.0, 980, 455, 3.88, -2.299999999999984, 10.300000000000011]
[2123.0, 978, 465, 3.88, -2.5999999999999837, 10.100000000000012]
[2126.0, 976, 474, 3.88, -2.8999999999999835, 9.900000000000013]
[2129.0, 973, 483, 3.88, -3.1999999999999833, 9.700000000000014]
[2132.0, 970, 492, 3.88, -3.499999999999983, 9.500000000000014]
[2135.0, 967, 501, 3.88, -3.799999999999983, 9.300000000000015]
[2138.0, 963, 510, 3.88, -4.099999999999983, 9.100000000000016]
[2141.0, 959, 518, 3.88, -4.399999999999983, 8.900000000000016]
[2144.0, 955, 526, 3.88, -4.699999999999982, 8.700000000000017]
[2147.0, 951, 534, 3.88, -4.999999999999982, 8.500000000000018]
[2150.0, 946, 542, 3.88, -5.299999999999982, 8.300000000000018]
[2153.0, 941, 550, 3.88, -5.599999999999982, 8.10000000000002]
[2156.0, 936, 557, 3.88, -5.899999999999982, 7.900000000000019]
[2159.0, 930, 564, 3.88, -6.1999999999999815, 7.700000000000019]
[2162.0, 924, 571, 3.88, -6.499999999999981, 7.500000000000019]
[2165.0, 918, 578, 3.88, -6.799999999999981, 7.3000000000000185]
[2168.0, 911, 585, 3.88, -7.099999999999981, 7.100000000000018]
[2171.0, 904, 591, 3.88, -7.399999999999981, 6.900000000000018]
[2174.0, 897, 597, 3.88, -7.699999999999981, 6.700000000000018]
[2177.0, 890, 603, 3.88, -7.999999999999981, 6.500000000000018]
[2180.0, 882, 609, 3.88, -8.299999999999983, 6.300000000000018]
[2183.0, 874, 615, 3.76, -8.599999999999984, 6.100000000000017]
[2186.0, 866, 620, 3.6399999999999997, -8.899999999999984, 5.900000000000017]
[2189.0, 857, 625, 3.5199999999999996, -9.199999999999985, 5.700000000000017]
[2192.0, 848, 630, 3.0999999999999996, -9.499999999999986, 5.500000000000017]
[2194.0, 839, 635, 2.6799999999999997, -9.799999999999986, 5.300000000000017]
[2196.0, 829, 640, 2.26, -10.099999999999987, 5.1000000000000165]
[2197.0, 819, 644, 1.8399999999999999, -10.399999999999988, 4.900000000000016]
[2198.0, 809, 648, 1.42, -10.699999999999989, 4.700000000000016]
[2198.0, 799, 652, 0.9999999999999999, -10.99999999999999, 4.500000000000016]
[2198.0, 788, 656, 0.58, -11.29999999999999, 4.300000000000016]
[2198.0, 777, 660, 0.15999999999999998, -11.59999999999999, 4.100000000000016]
[2198.0, 766, 663, -0.020000000000000018, -11.899999999999991, 3.9000000000000155]
[2198.0, 754, 666, -0.2, -12.199999999999992, 3.7000000000000153]
[2198.0, 742, 669, -0.38, -12.499999999999993, 3.500000000000015]
[2198.0, 730, 672, -0.5599999999999999, -12.799999999999994, 3.300000000000015]
[2198.0, 717, 675, -0.7399999999999999, -13.099999999999994, 3.1000000000000147]
[2198.0, 704, 677, -0.9199999999999998, -13.399999999999995, 2.9000000000000146]
[2197.0, 691, 679, -1.0999999999999996, -13.699999999999996, 2.7000000000000144]
[2196.0, 678, 681, -1.2799999999999998, -13.999999999999996, 2.500000000000014]
[2195.0, 664, 683, -1.46, -14.299999999999997, 2.300000000000014]
[2194.0, 650, 685, -1.6400000000000001, -14.599999999999998, 2.100000000000014]
[2193.0, 636, 686, -1.8200000000000003, -14.8, 1.900000000000014]
[2191.0, 622, 687, -2.0, -14.8, 1.700000000000014]
[2189.0, 608, 688, -2.1799999999999997, -14.8, 1.500000000000014]
[2187.0, 594, 689, -2.3599999999999994, -14.8, 1.300000000000014]
[2185.0, 580, 690, -2.539999999999999, -14.8, 1.100000000000014]
[2183.0, 566, 690, -2.719999999999999, -14.8, 0.9000000000000141]
[2181.0, 552, 690, -2.8999999999999986, -14.8, 0.7000000000000142]
[2178.0, 538, 690, -3.0799999999999983, -14.8, 0.5000000000000142]
[2175.0, 524, 690, -3.259999999999998, -14.8, 0.3000000000000142]
[2172.0, 510, 690, -3.4399999999999977, -14.8, 0.10000000000001419]
[2169.0, 496, 690, -3.6199999999999974, -14.8, -0.09999999999998582]
[2166.0, 482, 690, -3.799999999999997, -14.8, 0.10000000000001419]
[2163.0, 468, 690, -3.88, -14.3, -0.09999999999998582]
[2160.0, 454, 690, -3.88, -14.100000000000001, 0.10000000000001419]
[2157.0, 441, 690, -3.88, -13.900000000000002, -0.09999999999998582]
[2154.0, 428, 690, -3.88, -13.700000000000003, 0.10000000000001419]
[2151.0, 415, 690, -3.88, -13.500000000000004, -0.09999999999998582]
[2148.0, 402, 690, -3.88, -13.300000000000004, 0.10000000000001419]
[2145.0, 389, 690, -3.88, -13.100000000000005, -0.1999999999999858]
[2142.0, 377, 690, -3.88, -12.400000000000006, -0.49999999999998573]
[2139.0, 366, 690, -3.88, -11.700000000000006, -0.7999999999999858]
[2136.0, 355, 689, -3.88, -11.000000000000007, -1.0999999999999859]
[2133.0, 345, 688, -3.88, -10.300000000000008, -1.399999999999986]
[2130.0, 336, 687, -3.88, -9.600000000000009, -1.699999999999986]
[2127.0, 328, 686, -3.88, -8.90000000000001, -1.999999999999986]
[2124.0, 320, 684, -3.88, -8.20000000000001, -2.2999999999999856]
[2121.0, 313, 682, -3.88, -7.50000000000001, -2.5999999999999854]
[2118.0, 307, 680, -3.88, -6.80000000000001, -2.3999999999999853]
[2115.0, 301, 678, -3.88, -6.100000000000009, -2.199999999999985]
[2112.0, 296, 677, -3.88, -5.400000000000009, -1.9999999999999851]
[2109.0, 292, 676, -3.88, -4.700000000000009, -1.7999999999999852]
[2106.0, 288, 675, -3.88, -4.000000000000009, -1.5999999999999852]
[2103.0, 285, 674, -3.88, -3.3000000000000087, -1.3999999999999853]
[2100.0, 283, 673, -3.88, -2.6000000000000085, -1.1999999999999853]
[2097.0, 282, 673, -3.88, -1.9000000000000086, -0.9999999999999853]
[2094.0, 281, 673, -3.76, -1.2000000000000086, -0.7999999999999854]
[2091.0, 281, 673, -3.34, -0.5000000000000087, -0.5999999999999854]
[2089.0, 281, 673, -2.92, 0.19999999999999135, -0.3999999999999854]
[2087.0, 281, 673, -2.5, 0.4999999999999913, -0.1999999999999854]
[2085.0, 281, 673, -2.08, 0.7999999999999914, 0.0]
[2084.0, 282, 673, -1.6600000000000001, 1.0999999999999914, -0.1999999999999854]
[2083.0, 283, 673, -1.2400000000000002, 1.3999999999999915, 0.0]
[2083.0, 284, 673, -0.8200000000000002, 1.6999999999999915, -0.1999999999999854]
[2083.0, 285, 673, -0.40000000000000024, 1.9999999999999913, 0.0]
[2083.0, 287, 673, 0.01999999999999974, 2.299999999999991, -0.1999999999999854]
[2083.0, 289, 673, 0.19999999999999973, 2.5999999999999908, 0.0]
[2083.0, 291, 673, 0.4999999999999997, 2.8999999999999906, -0.1999999999999854]
[2083.0, 294, 673, 0.6799999999999997, 3.1999999999999904, 0.0]
[2083.0, 297, 673, 0.9799999999999998, 3.4999999999999902, -0.1999999999999854]
[2084.0, 300, 673, 1.1599999999999997, 3.79999999999999, 0.0]
[2085.0, 304, 673, 1.4599999999999997, 4.09999999999999, -0.1999999999999854]
[2086.0, 308, 673, 1.6399999999999997, 4.39999999999999, 0.0]
[2087.0, 312, 673, 1.9399999999999997, 4.6999999999999895, -0.1999999999999854]
[2089.0, 316, 673, 2.1199999999999997, 4.999999999999989, 0.0]
[2091.0, 321, 673, 2.4199999999999995, 5.299999999999989, -0.1999999999999854]
[2093.0, 326, 673, 2.599999999999999, 5.599999999999989, 0.0]
[2095.0, 331, 673, 2.899999999999999, 5.899999999999989, -0.1999999999999854]
[2098.0, 337, 673, 3.0799999999999987, 6.199999999999989, 0.0]
[2101.0, 343, 673, 3.3799999999999986, 6.4999999999999885, -0.1999999999999854]
[2104.0, 349, 673, 3.5599999999999983, 6.799999999999988, 0.0]
[2107.0, 356, 673, 3.859999999999998, 7.099999999999988, -0.1999999999999854]
[2110.0, 363, 673, 3.88, 7.399999999999988, 0.0]
[2114.0, 370, 673, 4.0, 7.699999999999988, -0.1999999999999854]
[2117.0, 377, 673, 3.88, 7.9999999999999885, 0.0]
[2121.0, 385, 673, 4.0, 8.29999999999999, -0.1999999999999854]
[2124.0, 393, 673, 3.88, 8.59999999999999, 0.0]
[2128.0, 401, 673, 4.0, 8.899999999999991, -0.1999999999999854]
[2131.0, 410, 673, 3.88, 9.199999999999992, 0.0]
[2135.0, 419, 673, 4.0, 9.499999999999993, -0.1999999999999854]
[2138.0, 428, 673, 3.88, 9.799999999999994, 0.0]
[2142.0, 438, 673, 4.0, 10.099999999999994, -0.1999999999999854]
[2145.0, 448, 673, 3.88, 10.399999999999995, 0.0]
[2149.0, 458, 673, 4.0, 10.699999999999996, -0.1999999999999854]
[2152.0, 468, 673, 3.88, 10.999999999999996, 0.0]
[2156.0, 479, 673, 4.0, 11.299999999999997, -0.1999999999999854]
[2159.0, 490, 673, 3.88, 11.599999999999998, 0.0]
[2163.0, 501, 673, 4.0, 11.899999999999999, -0.2999999999999854]
[2167.0, 513, 673, 4.0, 12.2, -0.5999999999999854]
[2171.0, 525, 673, 4.0, 12.5, -0.8999999999999855]
[2175.0, 537, 672, 4.0, 12.8, -1.1999999999999855]
[2179.0, 550, 671, 4.0, 13.100000000000001, -1.4999999999999856]
[2183.0, 563, 670, 4.0, 13.400000000000002, -1.7999999999999856]
[2187.0, 576, 668, 4.0, 13.700000000000003, -2.0999999999999854]
[2191.0, 590, 666, 4.0, 14.000000000000004, -2.3999999999999853]
[2195.0, 604, 664, 4.0, 14.300000000000004, -2.699999999999985]
[2199.0, 618, 662, 4.0, 14.600000000000005, -2.999999999999985]
[2203.0, 632, 659, 4.0, 14.8, -3.2999999999999847]
[2207.0, 646, 656, 4.0, 14.8, -3.5999999999999845]
[2211.0, 660, 653, 4.0, 14.8, -3.8999999999999844]
[2215.0, 674, 649, 4.0, 14.8, -4.199999999999984]
[2219.0, 688, 645, 4.0, 14.8, -4.499999999999984]
[2223.0, 702, 641, 4.0, 14.8, -4.799999999999984]
[2227.0, 716, 636, 4.0, 14.8, -5.099999999999984]
[2231.0, 730, 631, 4.0, 14.8, -5.3999999999999835]
[2235.0, 744, 626, 4.0, 14.8, -5.699999999999983]
[2239.0, 758, 621, 4.0, 14.8, -5.999999999999983]
[2243.0, 772, 615, 4.0, 14.8, -6.299999999999983]
[2247.0, 786, 609, 4.0, 14.8, -6.599999999999983]
[2251.0, 800, 603, 4.0, 14.8, -6.899999999999983]
[2255.0, 814, 596, 4.0, 14.8, -7.199999999999982]
[2259.0, 828, 589, 4.0, 14.8, -7.499999999999982]
[2263.0, 842, 582, 4.0, 14.8, -7.799999999999982]
[2267.0, 856, 574, 4.0, 14.600000000000001, -8.099999999999984]
[2271.0, 869, 566, 4.0, 13.900000000000002, -8.399999999999984]
[2275.0, 882, 558, 4.0, 13.200000000000003, -8.699999999999985]
[2279.0, 894, 550, 4.0, 12.500000000000004, -8.999999999999986]
[2283.0, 905, 541, 4.0, 11.800000000000004, -9.299999999999986]
[2287.0, 916, 532, 4.0, 11.100000000000005, -9.599999999999987]
[2291.0, 926, 523, 4.0, 10.400000000000006, -9.899999999999988]
[2295.0, 935, 513, 4.0, 9.700000000000006, -10.199999999999989]
[2299.0, 944, 503, 4.0, 9.000000000000007, -10.49999999999999]
[2303.0, 952, 493, 4.0, 8.300000000000008, -10.79999999999999]
[2307.0, 959, 482, 4.0, 7.600000000000008, -11.09999999999999]
[2311.0, 965, 471, 4.0, 6.9000000000000075, -11.399999999999991]
[2315.0, 971, 460, 4.0, 6.200000000000007, -11.699999999999992]
[2318.0, 976, 449, 3.7, 5.500000000000007, -11.999999999999993]
[2321.0, 980, 437, 3.4000000000000004, 4.800000000000007, -12.299999999999994]
[2324.0, 984, 425, 3.1000000000000005, 4.100000000000007, -12.599999999999994]
[2327.0, 987, 413, 3.1000000000000005, 3.4000000000000066, -12.399999999999995]
[2330.0, 989, 401, 3.1000000000000005, 2.7000000000000064, -12.199999999999996]
[2333.0, 991, 390, 3.1000000000000005, 2.000000000000006, -11.999999999999996]
[2336.0, 992, 379, 3.1000000000000005, 1.3000000000000063, -11.799999999999997]
[2338.0, 992, 368, 2.8000000000000007, 0.6000000000000063, -11.599999999999998]
[2340.0, 992, 357, 2.500000000000001, -0.0999999999999937, -11.399999999999999]
[2342.0, 992, 346, 2.200000000000001, -0.39999999999999364, -11.2]
[2343.0, 992, 335, 1.900000000000001, -0.6999999999999937, -11.0]
[2344.0, 992, 325, 1.600000000000001, -0.9999999999999938, -10.8]
[2345.0, 991, 315, 1.300000000000001, -1.2999999999999938, -10.600000000000001]
[2346.0, 990, 305, 1.300000000000001, -1.5999999999999939, -10.400000000000002]
[2347.0, 989, 295, 1.300000000000001, -1.899999999999994, -10.200000000000003]
[2348.0, 987, 285, 1.300000000000001, -2.199999999999994, -10.000000000000004]
[2349.0, 985, 276, 1.300000000000001, -2.499999999999994, -9.800000000000004]
[2350.0, 983, 267, 1.300000000000001, -2.7999999999999936, -9.600000000000005]
[2351.0, 980, 258, 1.300000000000001, -3.0999999999999934, -9.400000000000006]
[2352.0, 977, 249, 1.300000000000001, -3.3999999999999932, -9.200000000000006]
[2353.0, 974, 240, 1.300000000000001, -3.699999999999993, -9.000000000000007]
[2354.0, 971, 232, 1.300000000000001, -3.999999999999993, -8.800000000000008]
[2355.0, 967, 224, 1.300000000000001, -4.299999999999993, -8.600000000000009]
[2356.0, 963, 216, 1.300000000000001, -4.5999999999999925, -8.40000000000001]
[2357.0, 959, 208, 1.300000000000001, -4.899999999999992, -8.20000000000001]
[2358.0, 954, 200, 1.300000000000001, -5.199999999999992, -8.00000000000001]
[2359.0, 949, 193, 1.300000000000001, -5.499999999999992, -7.8000000000000105]
[2360.0, 944, 186, 1.300000000000001, -5.799999999999992, -7.60000000000001]
[2361.0, 938, 179, 1.300000000000001, -6.099999999999992, -7.40000000000001]
[2362.0, 932, 172, 1.300000000000001, -6.3999999999999915, -7.20000000000001]
[2363.0, 926, 165, 1.300000000000001, -6.699999999999991, -7.00000000000001]
[2364.0, 920, 159, 1.300000000000001, -6.999999999999991, -6.80000000000001]
[2365.0, 913, 153, 1.300000000000001, -7.299999999999991, -6.600000000000009]
[2366.0, 906, 147, 1.300000000000001, -7.599999999999991, -6.400000000000009]
[2367.0, 899, 141, 1.300000000000001, -7.899999999999991, -6.200000000000009]
[2368.0, 891, 136, 1.300000000000001, -8.199999999999992, -5.500000000000009]
[2369.0, 883, 132, 1.300000000000001, -8.499999999999993, -4.800000000000009]
[2370.0, 875, 128, 1.300000000000001, -8.799999999999994, -4.1000000000000085]
[2371.0, 866, 125, 1.300000000000001, -9.099999999999994, -3.4000000000000083]
[2372.0, 857, 123, 1.300000000000001, -9.399999999999995, -2.700000000000008]
[2373.0, 848, 121, 1.300000000000001, -9.699999999999996, -2.000000000000008]
[2374.0, 839, 120, 1.300000000000001, -9.999999999999996, -1.300000000000008]
[2375.0, 829, 120, 1.300000000000001, -10.299999999999997, -0.6000000000000081]
[2376.0, 819, 120, 1.180000000000001, -10.599999999999998, 0.09999999999999193]
[2377.0, 809, 120, 1.060000000000001, -10.899999999999999, 0.39999999999999186]
[2377.0, 798, 120, 0.940000000000001, -11.2, 0.699999999999992]
[2377.0, 787, 120, 0.820000000000001, -11.5, 0.999999999999992]
[2377.0, 776, 121, 0.700000000000001, -11.8, 1.299999999999992]
[2377.0, 764, 122, 0.580000000000001, -12.100000000000001, 1.599999999999992]
[2377.0, 752, 123, 0.46000000000000096, -12.400000000000002, 1.8999999999999921]
[2377.0, 740, 125, 0.34000000000000097, -12.700000000000003, 2.199999999999992]
[2377.0, 727, 127, 0.22000000000000097, -13.000000000000004, 2.499999999999992]
[2377.0, 714, 129, 0.10000000000000098, -13.300000000000004, 2.799999999999992]
[2377.0, 701, 132, -0.01999999999999902, -13.600000000000005, 3.0999999999999917]
[2377.0, 688, 135, 0.10000000000000098, -13.900000000000006, 3.3999999999999915]
[2377.0, 674, 138, -0.01999999999999902, -14.200000000000006, 3.6999999999999913]
[2377.0, 660, 141, 0.10000000000000098, -14.500000000000007, 3.999999999999991]
[2377.0, 646, 145, -0.01999999999999902, -14.8, 4.299999999999991]
[2377.0, 632, 149, 0.10000000000000098, -14.3, 4.599999999999991]
[2377.0, 618, 153, -0.01999999999999902, -14.100000000000001, 4.899999999999991]
[2377.0, 605, 158, 0.10000000000000098, -13.900000000000002, 5.19999999999999]
[2377.0, 592, 163, -0.01999999999999902, -13.700000000000003, 5.49999999999999]
[2377.0, 579, 168, 0.10000000000000098, -13.500000000000004, 5.79999999999999]
[2377.0, 566, 174, -0.01999999999999902, -13.300000000000004, 6.09999999999999]
[2377.0, 553, 180, 0.10000000000000098, -13.100000000000005, 6.39999999999999]
[2377.0, 541, 186, -0.01999999999999902, -12.900000000000006, 6.6999999999999895]
[2377.0, 529, 192, 0.10000000000000098, -12.700000000000006, 6.499999999999989]
[2377.0, 517, 198, -0.01999999999999902, -12.500000000000007, 6.299999999999989]
[2377.0, 505, 204, 0.10000000000000098, -12.300000000000008, 6.099999999999989]
[2377.0, 493, 209, -0.01999999999999902, -12.100000000000009, 5.899999999999989]
[2377.0, 482, 214, 0.10000000000000098, -11.90000000000001, 5.699999999999989]
[2377.0, 471, 219, -0.01999999999999902, -11.20000000000001, 5.4999999999999885]
[2377.0, 461, 224, 0.10000000000000098, -10.50000000000001, 5.299999999999988]
[2377.0, 452, 229, -0.01999999999999902, -9.800000000000011, 5.099999999999988]
[2377.0, 443, 233, 0.10000000000000098, -9.100000000000012, 4.899999999999988]
[2377.0, 435, 237, -0.01999999999999902, -8.400000000000013, 4.699999999999988]
[2377.0, 428, 241, 0.10000000000000098, -7.700000000000013, 4.499999999999988]
[2377.0, 421, 245, -0.01999999999999902, -7.000000000000012, 4.299999999999987]
[2377.0, 415, 249, 0.10000000000000098, -6.300000000000012, 4.099999999999987]
[2377.0, 410, 252, -0.01999999999999902, -5.600000000000012, 3.899999999999987]
[2377.0, 406, 255, 0.10000000000000098, -4.900000000000012, 3.699999999999987]
[2377.0, 402, 258, -0.01999999999999902, -4.200000000000012, 3.4999999999999867]
[2377.0, 399, 261, 0.10000000000000098, -3.5000000000000115, 3.2999999999999865]
[2377.0, 397, 264, -0.01999999999999902, -2.8000000000000114, 3.0999999999999863]
[2377.0, 395, 266, 0.10000000000000098, -2.100000000000011, 2.899999999999986]
[2377.0, 394, 268, -0.01999999999999902, -1.4000000000000112, 2.199999999999986]
[2377.0, 394, 269, 0.10000000000000098, -0.7000000000000113, 1.499999999999986]
[2377.0, 394, 269, -0.01999999999999902, 0.0, 0.7999999999999861]
[2377.0, 394, 269, 0.10000000000000098, 0.2999999999999887, 0.09999999999998604]
[2377.0, 394, 269, 0.10000000000000098, 0.5999999999999888, -0.20000000000001394]
[2377.0, 394, 269, 0.10000000000000098, 0.8999999999999888, -0.500000000000014]
[2377.0, 395, 269, 0.10000000000000098, 1.1999999999999889, -0.800000000000014]
[2377.0, 396, 268, 0.10000000000000098, 1.499999999999989, -1.100000000000014]
[2377.0, 397, 267, 0.10000000000000098, 1.799999999999989, -1.4000000000000141]
[2377.0, 399, 266, 0.10000000000000098, 2.099999999999989, -1.7000000000000142]
[2377.0, 401, 264, 0.10000000000000098, 2.399999999999989, -2.000000000000014]
[2377.0, 403, 262, 0.10000000000000098, 2.6999999999999886, -2.300000000000014]
[2377.0, 405, 260, 0.10000000000000098, 3.2999999999999883, -2.9000000000000137]
[2377.0, 408, 258, 0.10000000000000098, 3.2999999999999883, -2.9000000000000137]
[2377.0, 411, 255, 0.10000000000000098, 3.599999999999988, -3.2000000000000135]
[2377.0, 414, 252, 0.10000000000000098, 3.899999999999988, -3.5000000000000133]
[2377.0, 418, 249, 0.10000000000000098, 4.199999999999988, -3.300000000000013]
[2377.0, 422, 246, 0.10000000000000098, 4.499999999999988, -3.100000000000013]
[2377.0, 426, 244, 0.10000000000000098, 4.799999999999987, -2.900000000000013]
[2377.0, 431, 242, -0.07999999999999902, 5.099999999999987, -2.7000000000000126]
[2377.0, 436, 240, -0.259999999999999, 5.399999999999987, -2.5000000000000124]
[2377.0, 441, 238, -0.43999999999999895, 5.699999999999987, -2.3000000000000123]
[2377.0, 446, 236, -0.6199999999999989, 5.999999999999987, -2.100000000000012]
[2377.0, 452, 235, -0.7999999999999988, 6.2999999999999865, -1.9000000000000121]
[2377.0, 458, 234, -0.9799999999999988, 6.599999999999986, -1.7000000000000122]
[2376.0, 464, 233, -1.1599999999999988, 6.899999999999986, -1.0000000000000122]
[2375.0, 471, 233, -1.339999999999999, 7.199999999999986, -0.3000000000000122]
[2374.0, 478, 233, -1.5199999999999991, 7.499999999999986, 0.0]
[2373.0, 485, 233, -1.6999999999999993, 7.799999999999986, 0.2999999999999878]
[2372.0, 493, 233, -1.8799999999999994, 8.099999999999987, 0.5999999999999879]
[2370.0, 501, 233, -2.059999999999999, 8.399999999999988, 0.8999999999999879]
[2368.0, 509, 234, -2.239999999999999, 8.699999999999989, 1.199999999999988]
[2366.0, 517, 235, -2.4199999999999986, 8.99999999999999, 1.499999999999988]
[2364.0, 526, 236, -2.5999999999999983, 9.29999999999999, 1.799999999999988]
[2362.0, 535, 238, -2.779999999999998, 9.59999999999999, 2.099999999999988]
[2360.0, 544, 240, -2.9599999999999977, 9.899999999999991, 2.399999999999988]
[2357.0, 554, 242, -3.1399999999999975, 10.199999999999992, 2.6999999999999877]
[2354.0, 564, 244, -3.319999999999997, 10.499999999999993, 2.9999999999999876]
[2351.0, 574, 247, -3.499999999999997, 10.799999999999994, 3.2999999999999874]
[2348.0, 585, 250, -3.6799999999999966, 11.099999999999994, 3.599999999999987]
[2345.0, 595, 253, -3.8599999999999963, 10.899999999999995, 3.899999999999987]
[2342.0, 605, 257, -3.88, 10.699999999999996, 4.199999999999987]
[2339.0, 615, 261, -3.88, 10.499999999999996, 4.499999999999987]
[2336.0, 625, 265, -3.88, 10.299999999999997, 4.7999999999999865]
[2333.0, 635, 270, -3.88, 10.099999999999998, 5.099999999999986]
[2330.0, 644, 275, -3.88, 9.899999999999999, 5.399999999999986]
[2327.0, 653, 280, -3.76, 9.7, 5.699999999999986]
[2324.0, 662, 285, -3.6399999999999997, 9.5, 5.999999999999986]
[2321.0, 671, 291, -3.5199999999999996, 9.3, 6.299999999999986]
[2318.0, 679, 297, -3.3999999999999995, 8.600000000000001, 6.599999999999985]
[2315.0, 686, 303, -3.2799999999999994, 7.900000000000001, 6.899999999999985]
[2312.0, 693, 310, -3.1599999999999993, 7.200000000000001, 7.199999999999985]
[2309.0, 699, 317, -3.039999999999999, 6.500000000000001, 7.499999999999985]
[2307.0, 704, 324, -2.919999999999999, 5.800000000000001, 7.799999999999985]
[2305.0, 709, 332, -2.799999999999999, 5.1000000000000005, 8.099999999999985]
[2303.0, 713, 340, -2.679999999999999, 4.4, 8.399999999999986]
[2301.0, 716, 348, -2.5599999999999987, 3.7, 8.699999999999987]
[2299.0, 719, 356, -2.4399999999999986, 3.0, 8.999999999999988]
[2297.0, 721, 365, -2.3199999999999985, 2.3, 9.299999999999988]
[2295.0, 722, 374, -2.1999999999999984, 1.5999999999999999, 9.599999999999989]
[2293.0, 722, 383, -2.0799999999999983, 0.8999999999999999, 9.89999999999999]
[2292.0, 722, 393, -1.9599999999999982, 0.1999999999999999, 10.19999999999999]
[2291.0, 722, 403, -1.839999999999998, 0.0, 10.499999999999991]
[2290.0, 722, 413, -1.719999999999998, 0.1999999999999999, 10.799999999999992]
[2289.0, 722, 424, -1.5999999999999979, 0.0, 11.099999999999993]
[2288.0, 722, 435, -1.4799999999999978, 0.1999999999999999, 11.399999999999993]
[2287.0, 722, 446, -1.0599999999999978, 0.0, 11.199999999999994]
[2287.0, 722, 456, -0.6399999999999978, 0.1999999999999999, 10.999999999999995]
[2287.0, 722, 466, -0.2199999999999978, 0.0, 10.799999999999995]
[2287.0, 722, 476, -0.039999999999997815, 0.1999999999999999, 10.599999999999996]
[2287.0, 722, 486, 0.14000000000000218, 0.0, 10.399999999999997]
[2287.0, 722, 496, 0.32000000000000217, 0.1999999999999999, 10.199999999999998]
[2287.0, 722, 505, 0.5000000000000021, 0.0, 9.999999999999998]
[2287.0, 722, 514, 0.680000000000002, 0.1999999999999999, 9.799999999999999]
[2287.0, 722, 523, 0.860000000000002, 0.0, 9.6]
[2288.0, 722, 532, 1.0400000000000018, 0.1999999999999999, 9.4]
[2289.0, 722, 541, 1.220000000000002, 0.0, 9.200000000000001]
[2290.0, 722, 550, 1.4000000000000021, 0.1999999999999999, 9.000000000000002]
[2291.0, 722, 558, 1.5800000000000023, 0.0, 8.800000000000002]
[2292.0, 722, 566, 1.7600000000000025, 0.1999999999999999, 8.600000000000003]
[2293.0, 722, 574, 1.9400000000000022, 0.0, 8.400000000000004]
[2295.0, 722, 582, 2.120000000000002, 0.1999999999999999, 8.200000000000005]
[2297.0, 722, 590, 2.3000000000000016, 0.0, 8.000000000000005]
[2299.0, 722, 597, 2.4800000000000013, 0.1999999999999999, 7.800000000000005]
[2301.0, 722, 604, 2.660000000000001, 0.0, 7.600000000000005]
[2303.0, 722, 611, 2.8400000000000007, 0.1999999999999999, 7.400000000000005]
[2306.0, 722, 618, 3.0200000000000005, 0.0, 7.200000000000005]
[2309.0, 722, 625, 3.2, 0.1999999999999999, 7.000000000000004]
[2312.0, 722, 631, 3.38, 0.0, 6.800000000000004]
[2315.0, 722, 637, 3.5599999999999996, 0.1999999999999999, 6.600000000000004]
[2318.0, 722, 643, 3.7399999999999993, 0.0, 6.400000000000004]
[2321.0, 722, 649, 3.88, 0.1999999999999999, 6.200000000000004]
[2324.0, 722, 655, 3.88, 0.0, 6.0000000000000036]
[2327.0, 722, 660, 3.88, 0.1999999999999999, 5.800000000000003]
[2330.0, 722, 665, 3.88, 0.0, 5.600000000000003]
[2333.0, 722, 669, 3.88, -0.3000000000000001, 4.900000000000003]
[2336.0, 722, 673, 3.88, -0.6000000000000001, 4.200000000000003]
[2339.0, 722, 676, 3.76, -0.9000000000000001, 3.5000000000000027]
[2342.0, 721, 678, 3.6399999999999997, -1.2000000000000002, 2.8000000000000025]
[2345.0, 720, 680, 3.5199999999999996, -1.5000000000000002, 2.1000000000000023]
[2348.0, 719, 681, 3.3999999999999995, -1.8, 1.4000000000000024]
[2351.0, 717, 681, 3.2799999999999994, -2.0999999999999996, 0.7000000000000024]
[2354.0, 715, 681, 3.1599999999999993, -2.3999999999999995, 0.5000000000000024]
[2357.0, 713, 681, 3.1599999999999993, -2.6999999999999993, -0.19999999999999757]
[2360.0, 711, 681, 3.1599999999999993, -2.999999999999999, -0.4999999999999975]
[2363.0, 708, 681, 3.1599999999999993, -3.299999999999999, -0.7999999999999976]
[2366.0, 705, 680, 3.1599999999999993, -3.5999999999999988, -1.0999999999999976]
[2369.0, 702, 679, 3.1599999999999993, -3.8999999999999986, -1.3999999999999977]
[2372.0, 698, 678, 3.1599999999999993, -4.199999999999998, -1.6999999999999977]
[2374.0, 694, 677, 2.8599999999999994, -4.499999999999998, -1.9999999999999976]
[2376.0, 690, 675, 2.5599999999999996, -4.799999999999998, -2.299999999999997]
[2378.0, 685, 673, 2.26, -5.099999999999998, -2.599999999999997]
[2379.0, 680, 671, 1.9599999999999997, -5.399999999999998, -2.899999999999997]
[2380.0, 675, 668, 1.6599999999999997, -5.6999999999999975, -3.1999999999999966]
[2381.0, 670, 665, 1.3599999999999997, -5.999999999999997, -3.4999999999999964]
[2382.0, 664, 662, 1.0599999999999996, -6.299999999999997, -3.7999999999999963]
[2382.0, 658, 658, 0.7599999999999996, -6.599999999999997, -4.099999999999996]
[2382.0, 652, 654, 0.4599999999999996, -6.899999999999997, -4.399999999999996]
[2382.0, 645, 650, 0.1599999999999996, -7.199999999999997, -4.699999999999996]
[2382.0, 638, 646, -0.020000000000000406, -7.4999999999999964, -4.999999999999996]
[2382.0, 631, 641, -0.2000000000000004, -7.799999999999996, -5.299999999999995]
[2382.0, 623, 636, -0.38000000000000045, -8.099999999999998, -5.599999999999995]
[2382.0, 615, 631, -0.5600000000000004, -8.399999999999999, -5.899999999999995]
[2382.0, 607, 625, -0.7400000000000003, -8.7, -6.199999999999995]
[2382.0, 598, 619, -0.9200000000000003, -9.0, -6.499999999999995]
[2381.0, 589, 613, -1.1, -9.3, -6.7999999999999945]
[2380.0, 580, 606, -1.2800000000000002, -9.600000000000001, -7.099999999999994]
[2379.0, 571, 599, -1.4600000000000004, -9.900000000000002, -7.399999999999994]
[2378.0, 561, 592, -1.6400000000000006, -10.200000000000003, -7.699999999999994]
[2377.0, 551, 585, -1.8200000000000007, -10.500000000000004, -7.499999999999994]
[2375.0, 541, 578, -2.0000000000000004, -10.800000000000004, -7.299999999999994]
[2373.0, 530, 571, -2.18, -11.100000000000005, -7.099999999999993]
[2371.0, 520, 565, -2.36, -10.900000000000006, -6.899999999999993]
[2369.0, 510, 559, -2.5399999999999996, -10.700000000000006, -6.699999999999993]
[2367.0, 500, 553, -2.7199999999999993, -10.500000000000007, -6.499999999999993]
[2365.0, 490, 547, -2.899999999999999, -10.300000000000008, -6.299999999999993]
[2362.0, 480, 541, -3.0799999999999987, -10.100000000000009, -6.0999999999999925]
[2359.0, 471, 536, -3.2599999999999985, -9.90000000000001, -5.899999999999992]
[2356.0, 462, 531, -3.439999999999998, -9.70000000000001, -5.199999999999992]
[2353.0, 453, 527, -3.619999999999998, -9.50000000000001, -4.499999999999992]
[2350.0, 444, 524, -3.7999999999999976, -9.300000000000011, -3.799999999999992]
[2347.0, 435, 521, -3.88, -9.100000000000012, -3.0999999999999917]
[2344.0, 427, 519, -3.76, -8.900000000000013, -2.3999999999999915]
[2341.0, 419, 518, -3.6399999999999997, -8.700000000000014, -1.6999999999999915]
[2338.0, 411, 518, -3.5199999999999996, -8.500000000000014, -0.9999999999999916]
[2335.0, 403, 518, -3.3999999999999995, -8.800000000000015, -0.29999999999999155]
[2332.0, 394, 518, -3.2799999999999994, -9.100000000000016, -0.09999999999999154]
[2329.0, 385, 518, -3.1599999999999993, -9.400000000000016, 0.10000000000000847]
[2326.0, 376, 518, -3.039999999999999, -9.700000000000017, -0.09999999999999154]
[2324.0, 367, 518, -2.919999999999999, -9.500000000000018, 0.10000000000000847]
[2322.0, 358, 518, -2.799999999999999, -9.300000000000018, -0.09999999999999154]
[2320.0, 349, 518, -2.679999999999999, -9.10000000000002, 0.10000000000000847]
[2318.0, 341, 518, -2.5599999999999987, -8.90000000000002, -0.09999999999999154]
[2316.0, 333, 518, -2.4399999999999986, -8.70000000000002, 0.10000000000000847]
[2314.0, 325, 518, -2.3199999999999985, -8.500000000000021, -0.09999999999999154]
[2312.0, 317, 518, -2.1999999999999984, -8.300000000000022, 0.10000000000000847]
[2310.0, 309, 518, -2.0799999999999983, -8.100000000000023, -0.09999999999999154]
[2309.0, 302, 518, -1.9599999999999982, -7.900000000000023, 0.10000000000000847]
[2308.0, 295, 518, -1.839999999999998, -7.700000000000022, -0.09999999999999154]
[2307.0, 288, 518, -1.719999999999998, -7.500000000000022, 0.10000000000000847]
[2306.0, 281, 518, -1.5999999999999979, -7.300000000000022, -0.09999999999999154]
[2305.0, 274, 518, -1.4799999999999978, -7.100000000000022, 0.10000000000000847]
[2304.0, 268, 518, -1.3599999999999977, -6.900000000000022, -0.09999999999999154]
[2303.0, 262, 518, -1.2399999999999975, -6.7000000000000215, 0.10000000000000847]
[2302.0, 256, 518, -1.1199999999999974, -6.500000000000021, -0.09999999999999154]
[2302.0, 250, 518, -0.9999999999999974, -6.300000000000021, 0.10000000000000847]
[2302.0, 244, 518, -0.8799999999999975, -6.100000000000021, -0.09999999999999154]
[2302.0, 239, 518, -0.7599999999999975, -5.900000000000021, 0.10000000000000847]
[2302.0, 234, 518, -0.6399999999999975, -5.700000000000021, -0.09999999999999154]
[2302.0, 229, 518, -0.5199999999999975, -5.50000000000002, 0.10000000000000847]
[2302.0, 224, 518, -0.39999999999999747, -5.30000000000002, -0.09999999999999154]
[2302.0, 219, 518, -0.2799999999999975, -5.10000000000002, 0.10000000000000847]
[2302.0, 215, 518, -0.15999999999999748, -4.90000000000002, -0.09999999999999154]
[2302.0, 211, 518, -0.03999999999999748, -4.70000000000002, 0.10000000000000847]
[2302.0, 207, 518, 0.08000000000000251, -4.5000000000000195, -0.09999999999999154]
[2302.0, 203, 518, -0.03999999999999748, -4.300000000000019, 0.10000000000000847]
[2302.0, 199, 518, 0.08000000000000251, -4.100000000000019, -0.09999999999999154]
[2302.0, 196, 518, -0.03999999999999748, -3.900000000000019, 0.10000000000000847]
[2302.0, 193, 518, 0.08000000000000251, -3.700000000000019, -0.09999999999999154]
[2302.0, 190, 518, -0.03999999999999748, -3.5000000000000187, 0.10000000000000847]
[2302.0, 187, 518, 0.08000000000000251, -3.3000000000000185, -0.09999999999999154]
[2302.0, 184, 518, -0.03999999999999748, -3.1000000000000183, 0.10000000000000847]
[2302.0, 182, 518, 0.08000000000000251, -2.900000000000018, -0.09999999999999154]
[2302.0, 180, 518, -0.03999999999999748, -2.700000000000018, 0.10000000000000847]
[2302.0, 178, 518, 0.08000000000000251, -2.5000000000000178, -0.09999999999999154]
[2302.0, 176, 518, -0.03999999999999748, -2.3000000000000176, 0.10000000000000847]
[2302.0, 174, 518, 0.08000000000000251, -2.1000000000000174, -0.09999999999999154]
[2302.0, 173, 518, -0.03999999999999748, -1.9000000000000175, 0.10000000000000847]
[2302.0, 172, 518, 0.08000000000000251, -1.7000000000000175, -0.09999999999999154]
[2302.0, 171, 518, -0.03999999999999748, -1.5000000000000175, 0.10000000000000847]
[2302.0, 170, 518, 0.08000000000000251, -1.3000000000000176, -0.09999999999999154]
[2302.0, 169, 518, -0.03999999999999748, -1.1000000000000176, 0.10000000000000847]
[2302.0, 169, 518, 0.08000000000000251, -0.9000000000000177, -0.09999999999999154]
[2302.0, 169, 518, -0.03999999999999748, -0.7000000000000177, 0.10000000000000847]
[2302.0, 169, 518, 0.08000000000000251, -0.5000000000000178, -0.09999999999999154]
[2302.0, 169, 518, -0.03999999999999748, -0.30000000000001775, 0.10000000000000847]
[2302.0, 169, 518, 0.08000000000000251, -0.10000000000001774, -0.09999999999999154]
[2302.0, 169, 518, -0.03999999999999748, 0.09999999999998227, 0.10000000000000847]
[2302.0, 169, 518, 0.08000000000000251, -0.10000000000001774, -0.09999999999999154]
[2302.0, 169, 518, -0.03999999999999748, 0.09999999999998227, 0.10000000000000847]
[2302.0, 169, 518, 0.08000000000000251, -0.10000000000001774, -0.09999999999999154]
[2302.0, 169, 518, -0.03999999999999748, 0.09999999999998227, 0.10000000000000847]
[2302.0, 169, 518, 0.08000000000000251, -0.10000000000001774, -0.09999999999999154]
[2302.0, 169, 518, -0.03999999999999748, 0.09999999999998227, 0.10000000000000847]
[2302.0, 169, 518, 0.08000000000000251, -0.10000000000001774, -0.09999999999999154]
[2302.0, 169, 518, -0.03999999999999748, 0.09999999999998227, 0.10000000000000847]
[2302.0, 169, 518, 0.08000000000000251, -0.10000000000001774, -0.09999999999999154]
[2302.0, 169, 518, -0.03999999999999748, 0.09999999999998227, 0.10000000000000847]
[2302.0, 169, 518, 0.08000000000000251, -0.10000000000001774, -0.09999999999999154]
[2302.0, 169, 518, -0.03999999999999748, 0.09999999999998227, 0.10000000000000847]
[2302.0, 169, 518, 0.08000000000000251, -0.10000000000001774, -0.09999999999999154]
[2302.0, 169, 518, -0.03999999999999748, 0.09999999999998227, 0.10000000000000847]
[2302.0, 169, 518, 0.08000000000000251, -0.10000000000001774, -0.09999999999999154]
[2302.0, 169, 518, -0.03999999999999748, 0.09999999999998227, 0.10000000000000847]
[2302.0, 169, 518, 0.08000000000000251, -0.10000000000001774, -0.09999999999999154]
[2302.0, 169, 518, 0.08000000000000251, -0.10000000000001774, -0.09999999999999154]
[2302.0, 169, 518, 0.08000000000000251, -0.10000000000001774, -0.09999999999999154]
[2302.0, 169, 518, 0.08000000000000251, -0.10000000000001774, -0.09999999999999154]
[2302.0, 169, 518, 0.08000000000000251, -0.10000000000001774, -0.09999999999999154]
[2302.0, 169, 518, 0.08000000000000251, -0.10000000000001774, -0.09999999999999154]
[2302.0, 169, 518, 0.08000000000000251, -0.10000000000001774, -0.09999999999999154]
[2302.0, 169, 518, -0.03999999999999748, 0.09999999999998227, 0.10000000000000847]
[2302.0, 169, 518, 0.08000000000000251, -0.10000000000001774, -0.09999999999999154]
[2302.0, 169, 518, -0.03999999999999748, 0.09999999999998227, 0.10000000000000847]
[2302.0, 169, 518, 0.08000000000000251, -0.10000000000001774, -0.09999999999999154]
[2302.0, 169, 518, -0.03999999999999748, 0.09999999999998227, 0.10000000000000847]
[2302.0, 169, 518, 0.08000000000000251, -0.10000000000001774, -0.09999999999999154]
[2302.0, 169, 518, -0.03999999999999748, 0.09999999999998227, 0.10000000000000847]
[2302.0, 169, 518, 0.08000000000000251, -0.10000000000001774, -0.09999999999999154]
[2302.0, 169, 518, -0.03999999999999748, 0.09999999999998227, 0.10000000000000847]
[2302.0, 169, 518, 0.08000000000000251, -0.10000000000001774, -0.09999999999999154]
[2302.0, 169, 518, -0.03999999999999748, 0.09999999999998227, 0.10000000000000847]
[2302.0, 169, 518, 0.08000000000000251, -0.10000000000001774, -0.09999999999999154]
[2302.0, 169, 518, -0.03999999999999748, 0.09999999999998227, 0.10000000000000847]
[2302.0, 169, 518, 0.08000000000000251, -0.10000000000001774, -0.09999999999999154]
[2302.0, 169, 518, -0.03999999999999748, 0.09999999999998227, 0.10000000000000847]
[2302.0, 169, 518, 0.08000000000000251, -0.10000000000001774, -0.09999999999999154]
[2302.0, 169, 518, -0.03999999999999748, 0.09999999999998227, 0.10000000000000847]
[2302.0, 169, 518, 0.08000000000000251, -0.10000000000001774, -0.09999999999999154]
[2302.0, 169, 518, -0.03999999999999748, 0.09999999999998227, 0.10000000000000847]
[2302.0, 169, 518, 0.08000000000000251, -0.10000000000001774, -0.09999999999999154]
[2302.0, 169, 518, -0.03999999999999748, 0.09999999999998227, 0.10000000000000847]
[2302.0, 169, 518, 0.08000000000000251, -0.10000000000001774, -0.09999999999999154]
[2302.0, 169, 518, -0.03999999999999748, 0.09999999999998227, 0.10000000000000847]
[2302.0, 169, 518, 0.08000000000000251, -0.10000000000001774, -0.09999999999999154]
[2302.0, 169, 518, -0.03999999999999748, 0.09999999999998227, 0.10000000000000847]
[2302.0, 169, 518, 0.08000000000000251, -0.10000000000001774, -0.09999999999999154]
[2302.0, 169, 518, -0.03999999999999748, 0.09999999999998227, 0.10000000000000847]
[2302.0, 169, 518, 0.08000000000000251, -0.10000000000001774, -0.09999999999999154]
[2302.0, 169, 518, -0.03999999999999748, 0.09999999999998227, 0.10000000000000847]
[2302.0, 169, 518, 0.08000000000000251, -0.10000000000001774, -0.09999999999999154]
[2302.0, 169, 518, -0.03999999999999748, 0.09999999999998227, 0.10000000000000847]
[2302.0, 169, 518, 0.08000000000000251, -0.10000000000001774, -0.09999999999999154]
[2302.0, 169, 518, -0.03999999999999748, 0.09999999999998227, 0.10000000000000847]
[2302.0, 169, 518, 0.08000000000000251, -0.10000000000001774, -0.09999999999999154]
[2302.0, 169, 518, -0.03999999999999748, 0.09999999999998227, 0.10000000000000847]
[2302.0, 169, 518, 0.08000000000000251, -0.10000000000001774, -0.09999999999999154]
[2302.0, 169, 518, -0.03999999999999748, 0.09999999999998227, 0.10000000000000847]
[2302.0, 169, 518, 0.08000000000000251, -0.10000000000001774, -0.09999999999999154]
[2302.0, 169, 518, -0.03999999999999748, 0.09999999999998227, 0.10000000000000847]
[2302.0, 169, 518, 0.08000000000000251, -0.10000000000001774, -0.09999999999999154]
[2302.0, 169, 518, -0.03999999999999748, 0.09999999999998227, 0.10000000000000847]
[2302.0, 169, 518, 0.08000000000000251, -0.10000000000001774, -0.09999999999999154]
[2302.0, 169, 518, -0.03999999999999748, 0.09999999999998227, 0.10000000000000847]
[2302.0, 169, 518, 0.08000000000000251, -0.10000000000001774, -0.09999999999999154]
[2302.0, 169, 518, -0.03999999999999748, 0.09999999999998227, 0.10000000000000847]
[2302.0, 169, 518, 0.08000000000000251, -0.10000000000001774, -0.09999999999999154]
[